AtendeeId,Name,Surname,DateOfBirth,City,Email,Country
1,Louise,Wennam,1909-12-02,Guanting,lwennam0@thetimes.co.uk,China
2,Berk,Kisting,1940-12-31,Guandian,bkisting1@narod.ru,China
3,Bailie,Mattke,1906-10-04,Zruč nad Sázavou,bmattke2@indiegogo.com,Czech Republic
4,Ynez,Carlan,1953-02-20,Pontevedra,ycarlan3@wikispaces.com,Spain
5,Sybyl,Tappington,1909-06-01,Sulangan,stappington4@zimbio.com,Philippines
6,Bil,McCaffrey,1905-11-21,Campaka,bmccaffrey5@deviantart.com,Indonesia
7,Celle,Tzar,1959-05-17,Klyuchevsk,ctzar6@slate.com,Russia
8,Miltie,Lulham,1907-06-06,Selydove,mlulham7@pbs.org,Ukraine
9,Shayla,Pawlick,1964-11-19,Shaoha,spawlick8@youtu.be,China
10,Emilie,Bresnen,1931-10-19,Putrajaya,ebresnen9@google.ru,Malaysia
11,Ody,Mollatt,1944-11-23,Tegalsari,omollatta@cnbc.com,Indonesia
12,Karlotta,McGurk,1916-06-20,Ystad,kmcgurkb@prnewswire.com,Sweden
13,Stephana,Showalter,1913-01-29,Montfavet,sshowalterc@twitpic.com,France
14,Randi,Glavias,1978-05-17,Wuxiang,rglaviasd@csmonitor.com,China
15,Rossy,Paoli,1999-08-12,Petrovo-Dal’neye,rpaolie@biblegateway.com,Russia
16,Culley,Klyner,1930-02-28,Laojie,cklynerf@squidoo.com,China
17,Kelsi,McAllister,1961-02-09,Tópaga,kmcallisterg@bloglines.com,Colombia
18,Marlo,Blenkinsopp,1917-05-14,Nové Strašecí,mblenkinsopph@1688.com,Czech Republic
19,Charlot,Stag,1921-09-16,Parravak’ar,cstagi@wufoo.com,Armenia
20,Ralf,Potier,1989-12-02,Tongren,rpotierj@last.fm,China
21,Justino,Gribben,1985-08-20,Jiebu,jgribbenk@opensource.org,China
22,Anabella,Kernley,2001-07-26,Ronda,akernleyl@chronoengine.com,Philippines
23,Wallis,Sendall,2002-05-02,Thị Trấn Mường Khương,wsendallm@usda.gov,Vietnam
24,Bill,Symington,2001-11-17,Dayin,bsymingtonn@wix.com,China
25,Dov,Sandy,1963-10-15,Cigaluh,dsandyo@toplist.cz,Indonesia
26,Lucian,Cosin,2014-07-23,Āqchah,lcosinp@icq.com,Afghanistan
27,Annalise,Shawcroft,2019-06-11,Damietta,ashawcroftq@istockphoto.com,Egypt
28,Ealasaid,Hanvey,1903-05-15,Ganchazi,ehanveyr@tinypic.com,China
29,Caria,Gommowe,1958-04-12,Carvoeira,cgommowes@dot.gov,Portugal
30,Clywd,Skilling,1970-12-14,Kampungruweh,cskillingt@netlog.com,Indonesia
31,Aileen,Mongenot,2013-09-23,Gif-sur-Yvette,amongenotu@comsenz.com,France
32,Meade,Inman,1926-03-12,Krimpen aan den IJssel,minmanv@omniture.com,Netherlands
33,Katy,Tern,1937-09-24,Gampang,kternw@thetimes.co.uk,Indonesia
34,Cassie,Biddles,2010-06-14,Toledo,cbiddlesx@foxnews.com,Spain
35,Malcolm,Furzey,1938-01-30,Daleszyce,mfurzeyy@cpanel.net,Poland
36,Tami,Shakelade,2023-01-28,Vila Ribeiro,tshakeladez@comsenz.com,Portugal
37,Hughie,Strood,1950-04-12,Rouen,hstrood10@yellowpages.com,France
38,Fitzgerald,Wise,1935-02-20,Skrwilno,fwise11@adobe.com,Poland
39,Isadora,Matthewes,1905-10-11,Pillpinto,imatthewes12@cafepress.com,Peru
40,Coreen,Plastow,1965-08-01,Barobo,cplastow13@digg.com,Philippines
41,Corinne,Cottom,1994-02-18,Zaraza,ccottom14@ted.com,Venezuela
42,Roma,Capineer,2008-02-03,Cabungan,rcapineer15@xing.com,Philippines
43,Brit,Regnard,1944-11-27,Goodlands,bregnard16@cpanel.net,Mauritius
44,Sara-ann,Abbots,1992-07-09,Kedungbanteng Krajan,sabbots17@biglobe.ne.jp,Indonesia
45,Sayers,Date,1913-08-07,Fos-sur-Mer,sdate18@t-online.de,France
46,Lavinie,Brickner,1907-10-28,Tabūk,lbrickner19@xrea.com,Saudi Arabia
47,Heinrick,Grummitt,1965-01-07,Salisbury,hgrummitt1a@imageshack.us,Dominica
48,Edy,Jeannaud,1982-01-29,Lobuk,ejeannaud1b@nasa.gov,Indonesia
49,Horace,Burgisi,1933-08-06,Pasirreungit,hburgisi1c@seesaa.net,Indonesia
50,Josy,Horwell,1911-04-21,Cisiec,jhorwell1d@ucoz.ru,Poland
51,Harper,Whyborne,1923-08-30,Portet-sur-Garonne,hwhyborne1e@wix.com,France
52,Randa,Daughtrey,1972-10-29,Zelmeņi,rdaughtrey1f@aboutads.info,Latvia
53,Ingmar,Eslinger,1933-05-20,Jinan-gun,ieslinger1g@issuu.com,South Korea
54,Robena,Trill,1985-09-28,Dongzhang,rtrill1h@deviantart.com,China
55,Roanne,Hatterslay,2004-10-26,Ballsh,rhatterslay1i@creativecommons.org,Albania
56,Jilli,Wylam,1948-12-23,Karamat,jwylam1j@yale.edu,Indonesia
57,Jerrie,Guiot,1921-06-13,Fandriana,jguiot1k@yelp.com,Madagascar
58,Jermaine,Caff,2023-03-08,Liqizhuang,jcaff1l@umn.edu,China
59,Esmeralda,Lobe,2006-12-25,Banaran,elobe1m@ezinearticles.com,Indonesia
60,Janey,McWhannel,1993-07-29,Chābahār,jmcwhannel1n@mashable.com,Iran
61,Amargo,Diperaus,1976-06-05,Glugu,adiperaus1o@surveymonkey.com,Indonesia
62,Earvin,Hachette,1963-04-09,El Soberbio,ehachette1p@sourceforge.net,Argentina
63,Kiersten,Glison,1995-11-25,Bov,kglison1q@joomla.org,Bulgaria
64,Wyatt,Boak,1920-11-17,Krasnoshchekovo,wboak1r@bizjournals.com,Russia
65,Gasper,Farmloe,1942-03-01,Sritanjung,gfarmloe1s@hc360.com,Indonesia
66,Edward,Garfield,1990-04-09,West Kelowna,egarfield1t@instagram.com,Canada
67,Abigael,Pummery,1915-07-07,Yidu,apummery1u@usa.gov,China
68,Franklin,Palfrey,1927-05-01,Otradnoye,fpalfrey1v@pcworld.com,Russia
69,Camilla,Diamond,2015-05-26,Thanh Chương,cdiamond1w@yahoo.co.jp,Vietnam
70,Maurene,Dickin,1954-01-27,Surkhakhi,mdickin1x@ehow.com,Russia
71,Celka,Hurd,1913-08-01,Zhongzhai,churd1y@reference.com,China
72,Heloise,Rawson,1908-03-15,Daegu,hrawson1z@alibaba.com,South Korea
73,Danit,Dalwood,1996-09-15,Maraial,ddalwood20@discuz.net,Brazil
74,Reginald,Howat,1920-04-05,Portela,rhowat21@godaddy.com,Portugal
75,Frederic,Sapseed,1968-02-07,Bačka Topola,fsapseed22@shinystat.com,Serbia
76,Eleni,Padson,2003-06-20,Rungis,epadson23@blogtalkradio.com,France
77,Harri,Hurl,1993-10-27,An Lão,hhurl24@un.org,Vietnam
78,Haydon,Vane,1933-04-11,Costa Nova do Prado,hvane25@time.com,Portugal
79,Noellyn,Clemo,1915-08-07,Torino,nclemo26@umn.edu,Italy
80,Kathlin,Ghest,2005-11-10,Xiejia,kghest27@imgur.com,China
81,Hendrika,Stanistreet,1969-12-03,Setonokalong,hstanistreet28@slashdot.org,Indonesia
82,Jordanna,Buckle,1916-03-01,Luzhang,jbuckle29@multiply.com,China
83,Juliane,Whinray,1951-05-12,Xilu,jwhinray2a@wp.com,China
84,Gregoor,Fawke,1906-06-25,Zadvorsko,gfawke2b@comcast.net,Croatia
85,Krishna,Abells,1970-04-05,Zhili,kabells2c@thetimes.co.uk,China
86,Roxane,Donnersberg,1958-09-05,Sannikovo,rdonnersberg2d@example.com,Russia
87,Kelby,Elnor,1909-11-21,Liloy,kelnor2e@nasa.gov,Philippines
88,Karlik,Sowle,2016-12-26,Nobeoka,ksowle2f@wsj.com,Japan
89,Monty,Cawston,1970-05-23,Primorsko-Akhtarsk,mcawston2g@edublogs.org,Russia
90,Aloisia,Pittock,1990-07-22,Jeżów,apittock2h@a8.net,Poland
91,Kyla,Hackworthy,1962-05-08,Böhöt,khackworthy2i@blogger.com,Mongolia
92,Clarita,Eastwell,1993-09-06,Yahe,ceastwell2j@tripod.com,China
93,Sutherland,Galgey,1926-12-05,Kuching,sgalgey2k@ifeng.com,Malaysia
94,Yoshi,Possa,1907-06-05,Tegalgede Kulon,ypossa2l@fastcompany.com,Indonesia
95,Mischa,Renzo,2021-10-02,Xiaopu,mrenzo2m@google.cn,China
96,Moll,McPherson,1987-06-04,Sironko,mmcpherson2n@auda.org.au,Uganda
97,Art,Widdowson,1987-10-06,El Cairo,awiddowson2o@cam.ac.uk,Colombia
98,Shane,Van Driel,2010-10-20,Polovinnoye,svandriel2p@yellowpages.com,Russia
99,Brantley,Dockree,2012-09-09,Serere,bdockree2q@reference.com,Uganda
100,Madelaine,Eldon,2003-10-08,Muke,meldon2r@ftc.gov,Indonesia
101,Joshuah,Fass,1979-10-16,Toužim,jfass2s@behance.net,Czech Republic
102,Francklyn,Ascrofte,1961-05-26,Jarry,fascrofte2t@mac.com,Guadeloupe
103,Breena,Wiltshear,2011-09-07,Khulo,bwiltshear2u@samsung.com,Georgia
104,Godfry,Goldbourn,1948-07-22,Irshava,ggoldbourn2v@pinterest.com,Ukraine
105,Danita,Sleite,1943-08-18,Tantamayo,dsleite2w@ehow.com,Peru
106,Richardo,Sutherley,1956-10-20,Dhalie,rsutherley2x@dailymail.co.uk,Yemen
107,Wyatan,Marrison,1967-02-09,Mazār-e Sharīf,wmarrison2y@ycombinator.com,Afghanistan
108,Jody,Schofield,1902-06-05,Lille,jschofield2z@netlog.com,France
109,Rosamund,Nutton,1921-01-27,New Westminster,rnutton30@wix.com,Canada
110,Lexine,Jerman,1972-01-11,Huangcun,ljerman31@google.nl,China
111,Georgeanne,Caruth,1959-06-25,Middelburg,gcaruth32@google.es,South Africa
112,Skipton,Corkel,1973-01-30,Poputnaya,scorkel33@wp.com,Russia
113,Rodrigo,Coales,1995-05-05,Rio,rcoales34@europa.eu,Portugal
114,Nedda,Cappel,1989-11-11,Emiliano Zapata,ncappel35@jimdo.com,Mexico
115,Veronique,Milland,1919-11-18,Tabug,vmilland36@prnewswire.com,Philippines
116,Richmound,Shermore,1932-07-16,Cikadongdong,rshermore37@usa.gov,Indonesia
117,Eba,Rowesby,1949-11-15,Kupu,erowesby38@tiny.cc,China
118,Marjory,Appleyard,1948-08-28,Karelichy,mappleyard39@seattletimes.com,Belarus
119,Anthiathia,Raun,1989-07-09,Shimen,araun3a@ocn.ne.jp,China
120,Ardella,Andretti,1980-01-27,Huambo,aandretti3b@ox.ac.uk,Angola
121,Gearalt,Panniers,1966-10-26,Gzy,gpanniers3c@theglobeandmail.com,Poland
122,Gerardo,Tivenan,1909-02-21,Hägersten,gtivenan3d@domainmarket.com,Sweden
123,Hulda,Moraleda,2012-02-11,Ljusdal,hmoraleda3e@amazon.co.uk,Sweden
124,Lydia,Moat,1969-02-05,Xianshuigu,lmoat3f@ox.ac.uk,China
125,Ervin,Farquharson,1974-09-16,Mnelalete,efarquharson3g@tripadvisor.com,Indonesia
126,Esme,Clint,2018-02-20,Omiš,eclint3h@blog.com,Croatia
127,Normy,Matzel,1993-05-20,Yingdianjie,nmatzel3i@shop-pro.jp,China
128,Casandra,Tonge,1961-01-30,La Paz de Oriente,ctonge3j@technorati.com,Nicaragua
129,Shandy,Wiskar,1956-10-02,Villavicencio,swiskar3k@msn.com,Colombia
130,Marice,Corhard,2015-06-09,Danderyd,mcorhard3l@cdc.gov,Sweden
131,Angie,Gosnall,1990-08-08,Lishui,agosnall3m@wsj.com,China
132,Blanch,Howse,1941-10-12,Kristianstad,bhowse3n@so-net.ne.jp,Sweden
133,Harriott,Oxtarby,1908-05-16,Obita,hoxtarby3o@ihg.com,Japan
134,Ragnar,Woods,1918-02-24,Liliongan,rwoods3p@bloglines.com,Philippines
135,Benedikta,Cotta,1972-10-25,Daba,bcotta3q@wikipedia.org,China
136,Pen,Knaggs,1928-09-06,Lintingkou,pknaggs3r@cnet.com,China
137,Cory,Grutchfield,2019-08-28,Brailiv,cgrutchfield3s@last.fm,Ukraine
138,Lula,O'Gorman,1925-02-07,Judita,logorman3t@nifty.com,Jordan
139,Abbe,Reinger,2024-06-30,Kungur,areinger3u@mediafire.com,Russia
140,Bastian,Flemmich,1941-05-14,Nijmegen,bflemmich3v@washingtonpost.com,Netherlands
141,Clim,Handover,2008-01-10,Makhalino,chandover3w@examiner.com,Russia
142,Rory,Rosengarten,1912-05-22,Kabarnet,rrosengarten3x@elpais.com,Kenya
143,Mill,Knox,2014-11-23,El Paraíso,mknox3y@barnesandnoble.com,Honduras
144,Kellby,Kender,1989-06-26,Caruaru,kkender3z@hatena.ne.jp,Brazil
145,Romeo,Beentjes,1984-11-08,São Bartolomeu,rbeentjes40@loc.gov,Portugal
146,Rickard,Brownbill,1972-01-18,Jesús María,rbrownbill41@blogtalkradio.com,Argentina
147,Giacinta,Summons,1924-05-26,Peresvet,gsummons42@live.com,Russia
148,Karim,Shorbrook,1975-01-04,Duran,kshorbrook43@newyorker.com,Philippines
149,Deerdre,Kember,2011-10-18,Sigaozhuang,dkember44@networksolutions.com,China
150,Dilan,Barrowcliffe,1973-10-31,Taiping,dbarrowcliffe45@linkedin.com,China
151,Casie,Rosendale,2022-03-12,Benito Juarez,crosendale46@hexun.com,Mexico
152,Jamie,Sloyan,1991-07-07,Cicurug,jsloyan47@desdev.cn,Indonesia
153,Bev,Rentilll,1965-05-16,Isiolo,brentilll48@google.com.br,Kenya
154,Benoite,Spellworth,1965-03-03,Gibsons,bspellworth49@wordpress.com,Canada
155,Vinnie,Timmins,1943-10-29,Yunshan,vtimmins4a@home.pl,China
156,Letti,Bertwistle,1951-04-03,Jishui,lbertwistle4b@miibeian.gov.cn,China
157,Raphael,Whal,1979-03-17,Bazar-Korgon,rwhal4c@bloomberg.com,Kyrgyzstan
158,Chic,Closs,1966-04-12,Lameira,ccloss4d@chicagotribune.com,Portugal
159,Elyssa,Tureville,1969-07-13,Donji Vakuf,etureville4e@diigo.com,Bosnia and Herzegovina
160,Keri,McArdle,1905-04-21,Sel’tso,kmcardle4f@mac.com,Russia
161,Pammi,Smalman,1901-12-28,Plottier,psmalman4g@illinois.edu,Argentina
162,Barret,Teaze,1944-01-24,Olímpia,bteaze4h@baidu.com,Brazil
163,Millicent,Enocksson,1970-02-03,Ágios Spyrídon,menocksson4i@java.com,Greece
164,Mathilda,Osbiston,1957-07-02,Oslo,mosbiston4j@sina.com.cn,Norway
165,Cherida,Mayell,1940-02-07,Shtip,cmayell4k@live.com,Macedonia
166,Lazarus,Robard,1904-02-18,Tanumshede,lrobard4l@shareasale.com,Sweden
167,Vern,Pescud,1985-08-26,El Fureidīs,vpescud4m@oracle.com,Israel
168,Valry,Domanek,1992-01-26,Binucayan,vdomanek4n@sun.com,Philippines
169,Rena,Mees,1922-12-01,Wakayama-shi,rmees4o@chronoengine.com,Japan
170,Sonya,Lawson,2008-11-20,Xiaojinkou,slawson4p@prnewswire.com,China
171,Lyndell,Bratley,1952-09-19,Dal’nerechensk,lbratley4q@go.com,Russia
172,Glynda,Tremayle,1976-12-20,Faḩmah,gtremayle4r@themeforest.net,Palestinian Territory
173,Zahara,Quested,1974-03-11,Vazhiny,zquested4s@mit.edu,Russia
174,Niven,Roark,1983-08-02,Azacualpa,nroark4t@diigo.com,Honduras
175,Haze,Tuft,1996-03-22,Cortes,htuft4u@shinystat.com,Portugal
176,Holli,Andrea,2016-07-28,Sarana,handrea4v@house.gov,Russia
177,Max,Coke,1943-07-19,Zbąszynek,mcoke4w@sciencedirect.com,Poland
178,Tremain,Haack,1959-05-09,Sredniy,thaack4x@upenn.edu,Russia
179,Selle,Cullivan,2012-06-06,Megalochórion,scullivan4y@yellowbook.com,Greece
180,Shem,Gumey,1961-06-05,Penggakrajeng,sgumey4z@berkeley.edu,Indonesia
181,Gwyn,Wake,1921-03-27,Topdac,gwake50@mozilla.com,Philippines
182,Alexei,O'Nion,1994-04-13,Burrel,aonion51@geocities.com,Albania
183,Norbert,Yurchishin,2000-06-01,Miaotang,nyurchishin52@pen.io,China
184,Federica,Vaadeland,1997-03-25,Arauco,fvaadeland53@so-net.ne.jp,Chile
185,Barney,Readman,1966-06-19,Tullyallen,breadman54@topsy.com,Ireland
186,Larine,Dalrymple,1920-05-31,El Fureidīs,ldalrymple55@ehow.com,Israel
187,Glenn,Tennock,2022-02-16,Saynshand,gtennock56@free.fr,Mongolia
188,Nancey,Jesson,1928-06-17,Moglicë,njesson57@hostgator.com,Albania
189,Jay,Mongin,1999-05-14,Pokrovskoye-Streshnëvo,jmongin58@exblog.jp,Russia
190,Milicent,Volante,1941-03-30,Charleston,mvolante59@about.com,United States
191,Ninon,Askam,1994-11-25,Nanae,naskam5a@bloglovin.com,Japan
192,Hebert,Faunch,1979-01-25,Anáfi,hfaunch5b@ehow.com,Greece
193,Bertram,Tivers,1939-11-04,Selenicë,btivers5c@sourceforge.net,Albania
194,Rosalind,Vell,1912-08-28,Newark,rvell5d@smugmug.com,United States
195,Bryn,Tankin,1948-10-14,Rosignol,btankin5e@google.fr,Guyana
196,Marybeth,Manifould,1920-06-08,Mīr Bachah Kōṯ,mmanifould5f@mlb.com,Afghanistan
197,Jeremiah,Bidewell,2020-12-04,Liyuan,jbidewell5g@ucsd.edu,China
198,Errol,Philipet,1922-02-09,Dubăsari,ephilipet5h@microsoft.com,Moldova
199,Ardyce,Royse,1947-11-14,Taixi,aroyse5i@paginegialle.it,China
200,Arlyn,Flecknell,2007-08-24,Kozyatyn,aflecknell5j@yale.edu,Ukraine
201,Ebba,Ebdin,1989-07-07,Rezh,eebdin5k@prweb.com,Russia
202,Augustin,Plume,1989-08-01,Sidomulyo,aplume5l@usnews.com,Indonesia
203,Franky,Billingsly,1954-03-16,Loket,fbillingsly5m@wikimedia.org,Czech Republic
204,Sorcha,Clere,1955-10-08,Suya,sclere5n@cmu.edu,Nigeria
205,Gavin,Standbridge,1915-03-07,Fuliang,gstandbridge5o@home.pl,China
206,Hewett,Swarbrick,1979-11-15,Horní Bečva,hswarbrick5p@gnu.org,Czech Republic
207,Rhea,McCall,1923-01-07,Chornobay,rmccall5q@businessinsider.com,Ukraine
208,Allan,Bartlomieczak,1984-04-08,Várzea da Serra,abartlomieczak5r@edublogs.org,Portugal
209,Patin,Mucklow,1949-03-19,Kawm Ḩamādah,pmucklow5s@examiner.com,Egypt
210,Faith,Summerill,2008-02-02,Dalang,fsummerill5t@hugedomains.com,China
211,Gan,Lowsely,1944-02-27,Kalilu,glowsely5u@chicagotribune.com,Indonesia
212,Bertie,Wagstaff,2013-06-18,Nikolayevka,bwagstaff5v@yandex.ru,Russia
213,Anet,McFetridge,2021-09-25,La Paz,amcfetridge5w@prnewswire.com,Uruguay
214,Karlotta,Haffenden,2006-09-25,Dong Charoen,khaffenden5x@opera.com,Thailand
215,Rhea,Edelston,1915-06-01,Górki,redelston5y@pcworld.com,Poland
216,Emilia,Bettles,1916-10-12,Inda Silasē,ebettles5z@unicef.org,Ethiopia
217,Torry,Corain,2023-01-25,Borovskiy,tcorain60@wikimedia.org,Russia
218,Emelina,Hayer,1932-06-06,Āshtīān,ehayer61@nyu.edu,Iran
219,Maje,Pedrol,1955-05-04,Itapemirim,mpedrol62@google.cn,Brazil
220,Chucho,Bentke,1952-05-26,Czerwionka-Leszczyny,cbentke63@patch.com,Poland
221,Barbe,Novotni,1998-12-01,Aguaí,bnovotni64@delicious.com,Brazil
222,Cosimo,Hitzke,1973-02-20,Mawza‘,chitzke65@sourceforge.net,Yemen
223,Desmond,Stephen,1975-07-27,Ash Shaykh ‘Uthmān,dstephen66@live.com,Yemen
224,Sky,Reary,1996-10-07,Banjar Jabejero,sreary67@pen.io,Indonesia
225,Jereme,Elcocks,1925-09-28,Can-Avid,jelcocks68@scribd.com,Philippines
226,Raddie,Souten,1937-03-17,Muzi,rsouten69@go.com,China
227,Etan,Drinkel,1963-07-14,Tallahassee,edrinkel6a@eventbrite.com,United States
228,Charyl,Deviney,1981-01-03,Soledade,cdeviney6b@barnesandnoble.com,Brazil
229,Regen,Jump,1987-05-14,Āsbe Teferī,rjump6c@bing.com,Ethiopia
230,Thelma,Bernlin,1983-06-11,São José de Ribamar,tbernlin6d@buzzfeed.com,Brazil
231,Danila,Ely,1900-12-07,Casal,dely6e@imgur.com,Portugal
232,Lamar,Alder,1916-10-25,Boston,lalder6f@biblegateway.com,United States
233,Brander,Shortt,1968-06-14,Dungloe,bshortt6g@berkeley.edu,Ireland
234,Renaldo,Hillam,1997-09-28,Nizhniy Kislyay,rhillam6h@alibaba.com,Russia
235,Fionnula,Tulleth,1997-11-07,Jeponkrajan,ftulleth6i@omniture.com,Indonesia
236,Eadie,Peinke,2015-03-05,Langkap,epeinke6j@seattletimes.com,Indonesia
237,Drake,Blamphin,1909-03-29,Berkovitsa,dblamphin6k@e-recht24.de,Bulgaria
238,Cirilo,Fydoe,1974-08-19,Jaguarão,cfydoe6l@latimes.com,Brazil
239,Moshe,Palfreman,1916-12-23,Khoa,mpalfreman6m@sfgate.com,Laos
240,Benjamin,Babidge,1919-05-17,Makiwalo,bbabidge6n@theatlantic.com,Philippines
241,Buffy,Cogzell,2024-05-15,Kvartsitnyy,bcogzell6o@friendfeed.com,Russia
242,Sonia,Calow,1966-06-08,Krasnoarmiys’k,scalow6p@princeton.edu,Ukraine
243,Indira,Geffinger,1958-09-27,Haligue,igeffinger6q@barnesandnoble.com,Philippines
244,Vern,Krugmann,1956-06-20,København,vkrugmann6r@4shared.com,Denmark
245,Abramo,Handy,1904-04-06,‘Ayn Ḩalāqīm,ahandy6s@msu.edu,Syria
246,Kaycee,Haymes,1951-12-19,San Diego,khaymes6t@google.nl,Philippines
247,Juan,Matusiak,2007-08-03,Boston,jmatusiak6u@sciencedaily.com,United States
248,Wait,Juppe,1907-09-03,Yulin,wjuppe6v@cbsnews.com,China
249,Norina,Storrie,1984-07-15,Buenos Aires,nstorrie6w@de.vu,Mexico
250,Bo,Eyer,2024-08-09,Lady Grey,beyer6x@issuu.com,South Africa
251,Jacquenette,Kimbury,2018-01-29,İsmayıllı,jkimbury6y@acquirethisname.com,Azerbaijan
252,Veronica,Blackney,1982-02-14,Pļaviņas,vblackney6z@dot.gov,Latvia
253,Harald,Aucock,1921-09-21,Nikopol’,haucock70@eventbrite.com,Ukraine
254,Mae,Clorley,1967-01-05,Chaparral,mclorley71@facebook.com,Colombia
255,Dolli,Tournay,1929-10-05,Pār Naogaon,dtournay72@slashdot.org,Bangladesh
256,Marketa,Popple,1972-09-10,Fujinomiya,mpopple73@eepurl.com,Japan
257,Jamison,Stegel,1957-11-21,Huangbei,jstegel74@dedecms.com,China
258,Odo,Pierrepont,1970-07-21,Lennec,opierrepont75@opensource.org,Philippines
259,Hurley,Celli,1915-09-08,Nahrīn,hcelli76@about.me,Afghanistan
260,Fernanda,Birchenough,1971-01-13,Montgomery,fbirchenough77@goo.ne.jp,United States
261,Mellisent,Hallowell,2011-07-21,Gachancipá,mhallowell78@naver.com,Colombia
262,Nowell,Meneur,1912-01-16,Konary,nmeneur79@shareasale.com,Poland
263,Natalee,Herculson,1942-06-02,Brusyliv,nherculson7a@craigslist.org,Ukraine
264,Vivien,Dictus,1942-02-10,Saint-Brieuc,vdictus7b@cdbaby.com,France
265,Hildegarde,Tuson,1938-04-11,Tegallega,htuson7c@ocn.ne.jp,Indonesia
266,Shanie,Grove,1953-11-22,Lyon,sgrove7d@dailymail.co.uk,France
267,Jobye,Despenser,1994-03-02,Velyki Mezhyrichi,jdespenser7e@gov.uk,Ukraine
268,Valera,Exroll,1906-06-19,Kalibunder,vexroll7f@symantec.com,Indonesia
269,Valry,Dadswell,1976-11-30,Kotaagung,vdadswell7g@friendfeed.com,Indonesia
270,Reggie,Iskowicz,1964-12-10,Anyuan,riskowicz7h@dedecms.com,China
271,Zena,Cuttell,2022-01-12,Wang Noi,zcuttell7i@tumblr.com,Thailand
272,Sullivan,Jonson,1978-12-02,Shimada,sjonson7j@time.com,Japan
273,Bent,Canty,2003-04-01,Maksatikha,bcanty7k@utexas.edu,Russia
274,Laurens,Cuttles,1922-02-11,El Carmen,lcuttles7l@clickbank.net,Mexico
275,Olivero,Bamblett,2003-09-30,Caacupé,obamblett7m@guardian.co.uk,Paraguay
276,Jeremias,Matijevic,1902-02-10,Västerås,jmatijevic7n@disqus.com,Sweden
277,Goldi,Kleynen,1985-04-10,La Curva,gkleynen7o@economist.com,Peru
278,Percival,Pinwill,1996-12-26,Villach,ppinwill7p@comsenz.com,Austria
279,Honoria,Dotterill,1941-12-19,Baisha,hdotterill7q@bbb.org,China
280,Thacher,Morehall,1994-03-20,Sitularang Landeuh,tmorehall7r@dmoz.org,Indonesia
281,Linea,Collumbine,1970-06-07,Farinheiras,lcollumbine7s@archive.org,Portugal
282,Devin,Bennitt,1964-07-17,Rio de Mouro,dbennitt7t@google.ca,Portugal
283,Loella,Luparti,1987-04-08,Jinhui,lluparti7u@ihg.com,China
284,Ramon,Lenihan,1962-09-05,Yumbe,rlenihan7v@nyu.edu,Uganda
285,Vonny,Purdey,1981-11-27,Mateus Leme,vpurdey7w@soup.io,Brazil
286,Indira,Sandiford,1909-06-19,Shangmachang,isandiford7x@soup.io,China
287,Glenden,Babonau,1901-12-29,Al Matlīn,gbabonau7y@ucoz.ru,Tunisia
288,Allie,Goodyer,1989-06-08,Limon,agoodyer7z@bigcartel.com,Philippines
289,Philipa,Buffey,1926-12-02,Wantou,pbuffey80@hexun.com,China
290,Alyssa,O'Growgane,1992-02-27,Vilela,aogrowgane81@hao123.com,Portugal
291,Karlie,Marconi,1961-10-18,Donnacona,kmarconi82@apache.org,Canada
292,Ingar,Mil,2005-01-22,Norrköping,imil83@studiopress.com,Sweden
293,Lurline,Guerri,1995-08-28,Suwalan,lguerri84@shop-pro.jp,Indonesia
294,Ernest,Ossulton,2007-11-03,Stepove,eossulton85@vkontakte.ru,Ukraine
295,Joyan,Sivell,1958-10-05,Adraskan,jsivell86@npr.org,Afghanistan
296,Barbabas,Mahody,1906-06-18,Galubakul,bmahody87@spiegel.de,Indonesia
297,Lila,Ravilious,1989-11-25,Uppsala,lravilious88@hexun.com,Sweden
298,Yettie,Haxley,1952-02-09,Lubāna,yhaxley89@nbcnews.com,Latvia
299,Linus,Pudge,1970-10-13,Qalaikhumb,lpudge8a@forbes.com,Tajikistan
300,Cosetta,Dencs,1956-09-19,Jiukeng,cdencs8b@examiner.com,China
301,Drud,McCaskill,1935-06-15,Tucupita,dmccaskill8c@biglobe.ne.jp,Venezuela
302,Ranna,Dy,1961-12-26,Hradec Králové,rdy8d@t.co,Czech Republic
303,Manolo,Joseff,1927-06-21,L’vovskiy,mjoseff8e@mapquest.com,Russia
304,Saundra,Ciccone,1976-07-23,Borovikha,sciccone8f@skyrock.com,Russia
305,Vasilis,Iredell,1972-02-19,Aguilares,viredell8g@ask.com,Argentina
306,Carlene,Belhome,1916-02-08,Bicesse,cbelhome8h@shutterfly.com,Portugal
307,Deck,Kniveton,2003-11-04,Houston,dkniveton8i@skype.com,United States
308,Gunar,Maccaddie,1927-04-23,Maţarah,gmaccaddie8j@baidu.com,Yemen
309,Nowell,McArthur,1950-01-20,Kuching,nmcarthur8k@elpais.com,Malaysia
310,Pall,Pattillo,2017-09-19,Jiaozuo,ppattillo8l@youtu.be,China
311,Joana,Bompas,1907-01-31,Anping,jbompas8m@studiopress.com,China
312,Estelle,Mullinder,1968-05-23,Bridgetown,emullinder8n@webnode.com,Barbados
313,Billy,Lyst,1956-09-19,Kondoa,blyst8o@artisteer.com,Tanzania
314,Marilin,Rubenov,1903-12-24,Gorbunki,mrubenov8p@icio.us,Russia
315,Raeann,Dimitriades,1944-03-19,Soraya,rdimitriades8q@blinklist.com,Peru
316,Ev,Gilliat,1993-04-19,Uppsala,egilliat8r@unc.edu,Sweden
317,Burgess,Risbrough,1904-01-13,Kombësi,brisbrough8s@dailymotion.com,Albania
318,Marna,Kettlesting,1913-04-17,Altay sumu,mkettlesting8t@cnet.com,Mongolia
319,Carlyn,Bernardelli,1912-10-07,Chwaszczyno,cbernardelli8u@desdev.cn,Poland
320,Marcos,Huckle,1977-05-28,Jinshan,mhuckle8v@google.nl,China
321,Cross,Cranna,1976-07-25,Villa Concepción del Tío,ccranna8w@themeforest.net,Argentina
322,Allyn,Teesdale,2004-05-10,Shache,ateesdale8x@gmpg.org,China
323,Talya,Dellenbach,2011-12-02,Oslo,tdellenbach8y@japanpost.jp,Norway
324,Dene,Anselmi,1925-03-16,Bundoran,danselmi8z@fda.gov,Ireland
325,Gloria,Gegay,1951-04-01,Geshan,ggegay90@dell.com,China
326,Lilllie,D' Angelo,1918-04-14,Dubrovka,ldangelo91@cornell.edu,Russia
327,Catina,Eddies,1964-12-28,Pasararba,ceddies92@elpais.com,Indonesia
328,April,Tunnow,1959-10-30,Trinity,atunnow93@w3.org,Saint Kitts and Nevis
329,Gerik,Ansett,1949-02-15,Conde,gansett94@discovery.com,Brazil
330,Roseanna,McClunaghan,2007-02-26,Carlsbad,rmcclunaghan95@fda.gov,United States
331,Modestia,Cockman,1913-10-06,Erdaobaihe,mcockman96@marriott.com,China
332,Roddie,Leaburn,2000-01-10,Rinbung,rleaburn97@ow.ly,China
333,Ebony,Beverstock,1908-01-26,Guanli,ebeverstock98@sciencedaily.com,China
334,Monica,Villaret,1939-02-04,Salavat,mvillaret99@oracle.com,Russia
335,Frederigo,Kinglesyd,1998-07-21,Dongjian,fkinglesyd9a@uol.com.br,China
336,Cross,Hendrix,1901-12-18,Zumarraga,chendrix9b@shutterfly.com,Philippines
337,Garwood,Padson,1956-01-08,Pathum Thani,gpadson9c@edublogs.org,Thailand
338,Dylan,Markussen,1953-11-04,Beausejour,dmarkussen9d@constantcontact.com,Canada
339,Edouard,Cottrill,1931-07-29,Massaranduba,ecottrill9e@usnews.com,Brazil
340,Allx,Bottrell,1916-10-18,Oslo,abottrell9f@tmall.com,Norway
341,Emalee,Brimicombe,1917-12-26,Gaoping,ebrimicombe9g@privacy.gov.au,China
342,Diahann,Hartwell,1983-10-30,Kayan Hulu,dhartwell9h@yelp.com,Indonesia
343,Cassy,Heinritz,2016-04-01,Xiaojiezi,cheinritz9i@amazonaws.com,China
344,Micaela,Tussaine,1946-02-19,San Carlos de Bariloche,mtussaine9j@multiply.com,Argentina
345,Kippar,Pyott,1955-11-29,Vysoké Mýto,kpyott9k@de.vu,Czech Republic
346,Case,Allport,2001-03-25,Swift Current,callport9l@odnoklassniki.ru,Canada
347,Alaric,Truin,1957-06-11,Puncakmanis,atruin9m@skyrock.com,Indonesia
348,Abbye,McQuode,2023-04-28,Tsenher,amcquode9n@people.com.cn,Mongolia
349,Ambrosius,Frankling,1907-10-19,Ahar,afrankling9o@ft.com,Iran
350,Karol,Liggett,1996-05-24,Malanday,kliggett9p@angelfire.com,Philippines
351,Pamella,Kubanek,1980-01-19,Guantun,pkubanek9q@gizmodo.com,China
352,Quintana,Pimlett,2012-11-29,Charleston,qpimlett9r@hostgator.com,United States
353,Dunc,Common,1983-01-22,Chrást,dcommon9s@twitter.com,Czech Republic
354,Bekki,Leggs,1902-03-14,Subotica,bleggs9t@skyrock.com,Serbia
355,Clio,Castelyn,1987-05-26,Borovichi,ccastelyn9u@cafepress.com,Russia
356,Edik,Sainte Paul,1957-10-18,Nankāna Sāhib,esaintepaul9v@oracle.com,Pakistan
357,Joela,Humburton,2020-03-16,Poroçan,jhumburton9w@is.gd,Albania
358,Tedie,Mullis,2024-10-31,Mannheim,tmullis9x@ifeng.com,Germany
359,Nathanil,Elgey,1960-01-23,Linglong,nelgey9y@techcrunch.com,China
360,Rikki,McNeilley,1918-10-13,Koror Town,rmcneilley9z@ted.com,Palau
361,Rebekkah,Hayesman,1976-04-06,San Isidro,rhayesmana0@t-online.de,Philippines
362,Nealson,Aiskovitch,1955-09-01,Denver,naiskovitcha1@jalbum.net,United States
363,Martita,Wonfar,2004-12-29,Nanyang,mwonfara2@360.cn,China
364,Joanie,Ateggart,1959-06-24,Kakuda,jateggarta3@baidu.com,Japan
365,Judith,Eefting,1980-01-17,Chengguan,jeeftinga4@wordpress.com,China
366,Noll,Frame,1984-06-06,Strasbourg,nframea5@123-reg.co.uk,France
367,Filip,Torry,2000-10-25,Priekule,ftorrya6@twitter.com,Latvia
368,Natalee,Pattie,1924-04-30,Paris 08,npattiea7@who.int,France
369,Mabelle,Tebbutt,2007-01-14,Arbaoua,mtebbutta8@techcrunch.com,Morocco
370,Rollie,Peert,1997-08-28,Simo,rpeerta9@geocities.com,Finland
371,Denise,Dimic,1959-06-28,Yanyang,ddimicaa@adobe.com,China
372,Niel,Henri,1979-10-23,Invermere,nhenriab@hhs.gov,Canada
373,Celeste,Cornels,1959-07-21,Wugong,ccornelsac@ameblo.jp,China
374,Emma,Potzold,1909-01-02,Dranoc,epotzoldad@purevolume.com,Kosovo
375,Modestine,Lobbe,1911-02-23,Nevel’,mlobbeae@archive.org,Russia
376,Cathlene,Bridgett,2020-05-16,Haenam,cbridgettaf@fotki.com,South Korea
377,Markos,Baskett,1990-06-11,Cabucgayan,mbaskettag@whitehouse.gov,Philippines
378,Jarret,Domek,1973-07-14,Kermānshāh,jdomekah@adobe.com,Iran
379,Doris,Sives,1903-06-29,Waepau,dsivesai@ameblo.jp,Indonesia
380,Nadya,Priddis,1923-08-16,Saint-Avertin,npriddisaj@wordpress.com,France
381,Morganne,Vasyanin,1954-08-09,Mikulovice,mvasyaninak@about.me,Czech Republic
382,Terrill,Livingstone,2013-04-25,Guadalupe,tlivingstoneal@eepurl.com,Philippines
383,Pat,Crozier,1985-05-22,Madette,pcrozieram@wired.com,Indonesia
384,Philis,Krzyzaniak,1957-10-16,Stratónion,pkrzyzaniakan@cmu.edu,Greece
385,Katina,Zealander,1993-10-18,Floreşti,kzealanderao@ow.ly,Moldova
386,Turner,Klas,2016-10-07,Uryupinsk,tklasap@w3.org,Russia
387,Reece,Crut,2024-03-04,Mount Frere,rcrutaq@123-reg.co.uk,South Africa
388,Dewitt,Eschalotte,1980-10-29,Washington,deschalottear@tuttocitta.it,United States
389,Arni,Basey,1912-01-31,Episkopí,abaseyas@java.com,Greece
390,Brandtr,Van den Hof,1945-02-06,Burgos,bvandenhofat@umn.edu,Philippines
391,Broddy,Ropartz,1928-10-14,Davao,bropartzau@businessinsider.com,Philippines
392,Dulcie,Whissell,1944-10-18,Dióni,dwhissellav@ovh.net,Greece
393,Gerladina,Eilers,2001-09-18,Balqash,geilersaw@vkontakte.ru,Kazakhstan
394,Colan,Paintain,1911-03-19,Znojmo,cpaintainax@altervista.org,Czech Republic
395,Jo,Fasler,1931-03-21,Shetan,jfasleray@drupal.org,China
396,Linzy,Cherry,1943-10-13,Bongao,lcherryaz@google.com.br,Philippines
397,Rockey,Teml,2010-03-24,Aoqian,rtemlb0@abc.net.au,China
398,Mitzi,Illing,1919-03-08,Vabalninkas,millingb1@nih.gov,Lithuania
399,Kaia,Cogle,1961-11-28,Uzlovaya,kcogleb2@scientificamerican.com,Russia
400,Wilhelmine,Kleinmann,1994-12-09,Ciherang,wkleinmannb3@springer.com,Indonesia
401,Scarface,Yerbury,1934-01-08,Sikasso,syerburyb4@disqus.com,Mali
402,Hugibert,Kunert,1975-06-17,Shubenka,hkunertb5@bloomberg.com,Russia
403,Meredith,Penniell,1980-10-09,Wolofeo,mpenniellb6@hud.gov,Indonesia
404,Jordan,Sesons,1998-04-23,Anfusi,jsesonsb7@phoca.cz,China
405,Nye,Kilbee,1951-08-26,New Mīrpur,nkilbeeb8@macromedia.com,Pakistan
406,Rodd,Canland,1941-10-23,Pīr jo Goth,rcanlandb9@npr.org,Pakistan
407,Carly,Borer,1959-12-02,Bacungan,cborerba@ibm.com,Philippines
408,Yorker,Bonnor,1952-12-01,Sanxing,ybonnorbb@google.ru,China
409,Reinhard,Beddall,1905-07-06,Tegaldowo,rbeddallbc@foxnews.com,Indonesia
410,Ruddy,Rennox,2006-07-14,Cherryville,rrennoxbd@newsvine.com,Ireland
411,Aurie,Puffett,2009-08-23,Xialiao,apuffettbe@so-net.ne.jp,China
412,Tammie,Grimwood,2011-03-10,Tirapata,tgrimwoodbf@bizjournals.com,Peru
413,Dodie,Strete,1975-02-05,Lamarosa,dstretebg@hibu.com,Portugal
414,Kippie,Heintsch,2019-05-11,Monastir,kheintschbh@aol.com,Tunisia
415,Myrwyn,Challenor,1980-05-03,Yingchuan,mchallenorbi@cdc.gov,China
416,Gayle,Charnick,1948-04-22,Gresik,gcharnickbj@senate.gov,Indonesia
417,Terrel,Laneham,2013-01-20,Kristinehamn,tlanehambk@ifeng.com,Sweden
418,Lia,Korda,1979-03-11,Gävle,lkordabl@cam.ac.uk,Sweden
419,Koren,Hague,2011-06-21,Wurigelebur,khaguebm@oakley.com,Indonesia
420,Ray,Ousbie,2015-02-11,Damayan,rousbiebn@newyorker.com,Philippines
421,Yvor,Keenor,2000-04-09,Cholpon-Ata,ykeenorbo@virginia.edu,Kyrgyzstan
422,Gail,Waddams,2009-10-01,Xiangshan,gwaddamsbp@un.org,China
423,Kendell,Rassell,1956-10-13,Jinotega,krassellbq@livejournal.com,Nicaragua
424,Silva,Goundry,1973-01-01,Singaparna,sgoundrybr@usa.gov,Indonesia
425,Val,Hearnden,1973-05-10,Valkeakoski,vhearndenbs@topsy.com,Finland
426,Bertha,Plumptre,1992-02-11,Montélimar,bplumptrebt@squarespace.com,France
427,Neddie,Raittie,1916-11-21,Pa Tio,nraittiebu@flickr.com,Thailand
428,Jo,O' Scallan,1960-01-08,Kivsharivka,joscallanbv@nydailynews.com,Ukraine
429,Staford,Kittless,2012-02-16,Gosë e Madhe,skittlessbw@yahoo.co.jp,Albania
430,Vlad,Sloan,1986-03-04,Mojolampir,vsloanbx@xing.com,Indonesia
431,Carena,Kinsella,1979-05-15,Atocha,ckinsellaby@ucoz.com,Bolivia
432,Correy,Harford,1916-09-27,Īlām,charfordbz@usa.gov,Iran
433,Nicola,Sextie,1996-01-10,Igpit,nsextiec0@homestead.com,Philippines
434,Ferrell,McErlaine,1985-11-11,Sandy Bay,fmcerlainec1@soup.io,Honduras
435,Mel,Patkin,1979-07-04,Sabae,mpatkinc2@cbslocal.com,Japan
436,Barr,Sabattier,1913-08-17,Kuching,bsabattierc3@jimdo.com,Malaysia
437,Mathias,Dinnis,2013-06-02,Tsaghkahovit,mdinnisc4@mysql.com,Armenia
438,Anjanette,Rivers,1971-06-02,Kasempa,ariversc5@harvard.edu,Zambia
439,Norene,Fever,2022-10-20,Trondheim,nfeverc6@prweb.com,Norway
440,Merle,McMains,1977-08-01,Jawand,mmcmainsc7@theglobeandmail.com,Afghanistan
441,Riobard,Walczak,2023-11-24,Uppsala,rwalczakc8@nih.gov,Sweden
442,Niccolo,Denys,1906-02-18,Ciilat,ndenysc9@google.fr,Indonesia
443,Bethena,Villaret,2003-01-18,Kermānshāh,bvillaretca@cdc.gov,Iran
444,Audrie,Worgan,2004-11-23,Bakovci,aworgancb@gizmodo.com,Slovenia
445,Trev,Trinke,1997-11-29,Soio,ttrinkecc@berkeley.edu,Angola
446,Juliann,Olland,1941-02-25,Morcolla,jollandcd@ning.com,Peru
447,Alvira,Woodings,1933-06-21,Derzhavīnsk,awoodingsce@abc.net.au,Kazakhstan
448,Sonny,Grayne,1951-12-19,Troyits’ke,sgraynecf@cnet.com,Ukraine
449,Gerardo,Guillford,1919-02-19,Ino,gguillfordcg@photobucket.com,Japan
450,Vivyan,Becken,1969-10-09,Arroyo Seco,vbeckench@nymag.com,Argentina
451,Muriel,Welchman,1958-05-04,Yilan,mwelchmanci@mozilla.com,Taiwan
452,Herbie,Capstack,1974-08-09,Dongshui,hcapstackcj@elpais.com,China
453,Vern,Pow,2011-07-20,Zhanbei,vpowck@google.cn,China
454,Akim,Doran,2016-07-23,Skärholmen,adorancl@mayoclinic.com,Sweden
455,Conny,Battman,1946-04-25,Yessentuki,cbattmancm@a8.net,Russia
456,Sebastiano,Weekland,1980-05-04,Markaz Mudhaykirah,sweeklandcn@indiatimes.com,Yemen
457,Annamarie,De Zamudio,1904-11-28,Sapernoye,adezamudioco@wikia.com,Russia
458,Toby,Klyn,1928-10-18,Xijiao,tklyncp@cbsnews.com,China
459,Garrot,Kermon,2021-01-30,Segbwema,gkermoncq@bloglines.com,Sierra Leone
460,Nicolle,Leebetter,1983-06-09,Piraí do Sul,nleebettercr@stanford.edu,Brazil
461,Myer,Lamburn,1955-01-08,Nang Rong,mlamburncs@marketwatch.com,Thailand
462,Nisse,Baillie,1978-04-29,Rakszawa,nbailliect@spiegel.de,Poland
463,Ardyce,Humber,2014-08-27,Balitoc,ahumbercu@vinaora.com,Philippines
464,Hilly,Botten,1911-12-13,Sampués,hbottencv@jugem.jp,Colombia
465,Dimitri,Thunnerclef,1945-04-04,Shantoudian,dthunnerclefcw@hc360.com,China
466,Griffith,Paulley,1914-03-09,Tarnawatka,gpaulleycx@webnode.com,Poland
467,Meg,Cogzell,1974-03-28,Kirovskaya,mcogzellcy@npr.org,Russia
468,Faulkner,Langmuir,2002-04-20,Pallanchacra,flangmuircz@cpanel.net,Peru
469,Ange,Coulman,1938-10-13,Banpu,acoulmand0@discovery.com,China
470,Leland,Ockland,2006-03-18,Vancouver,locklandd1@cdc.gov,United States
471,Nicola,Mathis,1961-08-23,New Westminster,nmathisd2@list-manage.com,Canada
472,Hersch,Grishunin,2015-12-05,Mnich,hgrishunind3@virginia.edu,Poland
473,Bertina,Cleugh,2008-03-23,Tyoply Stan,bcleughd4@cnbc.com,Russia
474,Clarinda,Paumier,1912-05-30,Minneapolis,cpaumierd5@dot.gov,United States
475,Bowie,Garmston,2011-07-07,Kladanj,bgarmstond6@pinterest.com,Bosnia and Herzegovina
476,Isiahi,Kochs,1969-12-12,Jerada,ikochsd7@yahoo.com,Morocco
477,Dermot,Essery,2022-11-09,Cumedak,desseryd8@cnn.com,Indonesia
478,Marleah,Sainsberry,1906-12-05,Marinilla,msainsberryd9@homestead.com,Colombia
479,Devlin,Bowling,1927-08-27,Libofshë,dbowlingda@nbcnews.com,Albania
480,Rebekah,Queyeiro,1915-11-15,Perushtitsa,rqueyeirodb@bluehost.com,Bulgaria
481,Sophronia,Vyse,1937-11-19,Ŭiju,svysedc@nytimes.com,North Korea
482,Jeralee,Maddison,1924-11-16,Międzyzdroje,jmaddisondd@google.nl,Poland
483,Dede,Kimmings,1916-07-14,Lysá nad Labem,dkimmingsde@networksolutions.com,Czech Republic
484,Silvie,Portal,1979-09-17,Frederiksberg,sportaldf@pen.io,Denmark
485,Janie,Trahearn,1990-05-02,Huimin,jtrahearndg@skype.com,China
486,Janot,Vynall,1980-05-29,Aleksinac,jvynalldh@dailymail.co.uk,Serbia
487,Prentiss,Dibbs,1939-07-02,Lalupon,pdibbsdi@cmu.edu,Nigeria
488,Derek,Fearnehough,2000-03-06,Sanjiang,dfearnehoughdj@fastcompany.com,China
489,Arnuad,Solomonides,1971-10-23,Sarpang,asolomonidesdk@sohu.com,Bhutan
490,Sindee,Millson,1981-07-30,Marapat,smillsondl@gravatar.com,Indonesia
491,Laura,Faulkner,2021-09-06,Kaura Namoda,lfaulknerdm@1und1.de,Nigeria
492,Lynne,Lapham,1952-04-23,Sijunjung,llaphamdn@archive.org,Indonesia
493,Annabell,Carder,1905-01-30,Kaiapoi,acarderdo@webnode.com,New Zealand
494,Birgitta,Moen,1961-08-11,Naj‘ Ḩammādī,bmoendp@nbcnews.com,Egypt
495,Ora,Belamy,2024-04-01,Weiyang,obelamydq@themeforest.net,China
496,Mord,Josefer,1917-10-04,El Cantón,mjoseferdr@nytimes.com,Venezuela
497,Duffie,Killelay,1963-09-02,Tonggakjati,dkillelayds@shutterfly.com,Indonesia
498,Rowland,Pomphrey,1992-07-14,Rekovac,rpomphreydt@npr.org,Serbia
499,Marty,McGhie,1971-04-24,Trà Ôn,mmcghiedu@youtu.be,Vietnam
500,Ramonda,Sweeten,1911-02-09,Visby,rsweetendv@ucla.edu,Sweden
501,Penny,Matyushkin,2014-06-02,Quinta do Anjo,pmatyushkindw@paginegialle.it,Portugal
502,Vergil,Ousbie,2018-06-16,Mahalapye,vousbiedx@cam.ac.uk,Botswana
503,Andriette,Eggers,1907-07-05,Xiaoyan,aeggersdy@free.fr,China
504,Laughton,Tellenbrook,1970-10-18,Golčův Jeníkov,ltellenbrookdz@sfgate.com,Czech Republic
505,Had,Tolworthie,1974-01-28,Heilbronn,htolworthiee0@soup.io,Germany
506,Uriah,O' Borne,2022-03-10,Gaoqiao,uobornee1@indiatimes.com,China
507,Margareta,Minnock,1926-12-22,Haradok,mminnocke2@wix.com,Belarus
508,Hettie,Morrott,1924-12-20,Colón,hmorrotte3@ed.gov,Panama
509,Gibb,Liff,1939-06-03,Mchinji,gliffe4@state.tx.us,Malawi
510,Marys,Sculpher,1973-12-17,Lazaro Cardenas,msculphere5@weather.com,Mexico
511,Ottilie,Hathwood,1936-05-04,Vitrolles,ohathwoode6@about.me,France
512,Lesley,Maiden,1998-01-05,Ferdinandovac,lmaidene7@unblog.fr,Croatia
513,Elsey,Dunlea,1982-08-17,Danderyd,edunleae8@china.com.cn,Sweden
514,Eleonore,Yukhov,1924-04-28,Nogent-sur-Marne,eyukhove9@clickbank.net,France
515,Akim,Whitmarsh,2024-11-28,Kubangeceng,awhitmarshea@dropbox.com,Indonesia
516,Catie,Janz,1980-03-31,Loma Bonita,cjanzeb@dailymail.co.uk,Mexico
517,William,Vernau,1939-01-25,Queimados,wvernauec@bbb.org,Brazil
518,Vincents,Snewin,1906-03-02,Guingamp,vsnewined@ucla.edu,France
519,Magdaia,Henstone,1935-02-12,Chigang,mhenstoneee@auda.org.au,China
520,Goldarina,Sherwyn,2012-06-19,Vareš,gsherwynef@apache.org,Bosnia and Herzegovina
521,Cheri,Franchyonok,1907-01-06,Ágios Týchon,cfranchyonokeg@oaic.gov.au,Cyprus
522,Earle,Cundy,1952-12-25,Gesikan,ecundyeh@tiny.cc,Indonesia
523,Stuart,Rosenhaupt,1910-07-11,Hor,srosenhauptei@angelfire.com,China
524,Mic,Verdon,2011-01-12,Kadubera,mverdonej@vistaprint.com,Indonesia
525,Myrtia,Bowmer,1968-06-30,Hullo,mbowmerek@netscape.com,Estonia
526,Dynah,oldey,1955-12-23,Bogolyubovo,doldeyel@symantec.com,Russia
527,Lay,Teanby,1935-11-25,Suresnes,lteanbyem@paypal.com,France
528,Stevana,Lembrick,2012-06-03,Morawica,slembricken@toplist.cz,Poland
529,Trent,Filippazzo,1993-01-03,Xiexiong,tfilippazzoeo@about.com,China
530,Kathy,Aseef,1911-03-15,Oslo,kaseefep@google.cn,Norway
531,Marji,Belvin,1921-02-18,Malaya Purga,mbelvineq@weebly.com,Russia
532,Florette,Baskerfield,2000-12-31,Leye,fbaskerfielder@harvard.edu,China
533,Tresa,Dunsford,1980-11-19,Linqu,tdunsfordes@ucoz.com,China
534,Lavinia,Fairfoul,1937-01-18,Beltinci,lfairfoulet@forbes.com,Slovenia
535,Vanni,Yashaev,2018-06-10,Baraçais,vyashaeveu@de.vu,Portugal
536,Jacquelin,Darbyshire,1905-09-01,Tessaoua,jdarbyshireev@blog.com,Niger
537,Kory,Helks,2003-04-04,Malāyer,khelksew@ebay.co.uk,Iran
538,Heath,Lowne,1936-03-10,Quezon,hlowneex@storify.com,Philippines
539,Salomo,D'Acth,1948-06-20,Skuodas,sdacthey@japanpost.jp,Lithuania
540,Annaliese,O'Sullivan,1960-09-03,Ban Muang,aosullivanez@nhs.uk,Thailand
541,Dorry,Lody,2004-02-24,Profítis Ilías,dlodyf0@spiegel.de,Greece
542,Marcos,Bentame,1908-12-07,Wat Bot,mbentamef1@narod.ru,Thailand
543,Lilas,Van Salzberger,1970-05-03,Duncan Town,lvansalzbergerf2@cornell.edu,Bahamas
544,Anders,Tremeer,1900-04-21,Jiamachi,atremeerf3@businesswire.com,China
545,Laverne,Payler,1983-01-01,Liquica,lpaylerf4@google.cn,East Timor
546,Regen,Blackie,1973-11-01,Riyue,rblackief5@marriott.com,China
547,Dre,McLagain,1900-06-19,Железный порт,dmclagainf6@businessweek.com,Ukraine
548,Emilie,Mix,1916-12-19,Minapan,emixf7@intel.com,Philippines
549,Delinda,Prewer,2001-02-08,Youyang,dprewerf8@buzzfeed.com,China
550,Lexine,Mazzeo,2023-12-13,Corvite,lmazzeof9@telegraph.co.uk,Portugal
551,Olin,Keers,1994-05-03,Cairo,okeersfa@networkadvertising.org,Egypt
552,Darice,Iseton,2012-12-25,Wangong,disetonfb@foxnews.com,China
553,Fletcher,Chandler,1982-04-02,Novi Sad,fchandlerfc@netlog.com,Serbia
554,Rhea,Hyams,1964-12-31,Arrifes,rhyamsfd@xing.com,Portugal
555,Felix,Cicchelli,1975-09-08,Mnich,fcicchellife@google.nl,Poland
556,Sebastian,Mantripp,1911-11-28,Shuangquan,smantrippff@sourceforge.net,China
557,Philip,Schulze,2021-09-22,Meicheng,pschulzefg@youtube.com,China
558,Claudina,Flawith,1932-02-06,Askim,cflawithfh@networksolutions.com,Norway
559,Kippie,Flacke,2011-01-22,Radès,kflackefi@comsenz.com,Tunisia
560,Ava,Madgewick,1961-02-21,Saryg-Sep,amadgewickfj@topsy.com,Russia
561,Norrie,Treend,1941-10-26,Dolgoderevenskoye,ntreendfk@hao123.com,Russia
562,Maryrose,MacMenemy,1925-06-03,Chengguan,mmacmenemyfl@uiuc.edu,China
563,Erie,Pinare,1996-04-16,Sanshandao,epinarefm@harvard.edu,China
564,Daniel,Clutterbuck,1912-01-13,Fkih Ben Salah,dclutterbuckfn@technorati.com,Morocco
565,Aldous,Tansill,1915-11-20,Har-Us,atansillfo@ca.gov,Mongolia
566,Talya,Marcum,1952-03-28,Pentecoste,tmarcumfp@surveymonkey.com,Brazil
567,Eleanor,Moscone,1987-08-04,Magaozhuang,emosconefq@mediafire.com,China
568,Lorita,Seden,1936-12-05,Luoluopu,lsedenfr@parallels.com,China
569,Mair,Devonald,1911-10-30,Cabaritan East,mdevonaldfs@bbb.org,Philippines
570,Kendall,Mompesson,1900-05-24,Zhaogezhuang,kmompessonft@google.de,China
571,Isaiah,Kinge,1992-06-18,Tazouta,ikingefu@alibaba.com,Morocco
572,Timmi,Ruggieri,1958-11-13,Pirot,truggierifv@indiatimes.com,Serbia
573,Jenifer,Hrinchishin,1914-03-28,Stari Banovci,jhrinchishinfw@china.com.cn,Serbia
574,Matelda,Vinter,1969-05-12,Cibitung,mvinterfx@smh.com.au,Indonesia
575,Nickey,Kenshole,2004-04-07,Yishui,nkensholefy@example.com,China
576,Vincenty,MacConneely,1930-03-25,Oliveira do Conde,vmacconneelyfz@nifty.com,Portugal
577,Jerri,Kitchenside,2018-03-14,Caçapava,jkitchensideg0@nytimes.com,Brazil
578,Shurwood,Richardet,1915-05-01,Tbilisskaya,srichardetg1@hao123.com,Russia
579,Dorri,Corby,2018-05-04,Plewiska,dcorbyg2@linkedin.com,Poland
580,Cesar,Ryan,1920-11-20,Jinan,cryang3@mayoclinic.com,China
581,Janette,Scruton,1996-02-07,Zliten,jscrutong4@phpbb.com,Libya
582,Mil,Marson,2018-08-17,Pingya,mmarsong5@dailymail.co.uk,China
583,Yvon,Speedin,1999-07-29,Bongandanga,yspeeding6@merriam-webster.com,Democratic Republic of the Congo
584,Maurita,Chishull,1969-04-13,L'Aigle,mchishullg7@scientificamerican.com,France
585,Scotty,Powe,1915-03-28,Kinshasa,spoweg8@sogou.com,Democratic Republic of the Congo
586,Josephine,Preble,1907-12-25,Xiangtan,jprebleg9@europa.eu,China
587,Hallie,Duker,2003-02-14,Baleal,hdukerga@census.gov,Portugal
588,Hagen,Sallier,1942-08-18,Wojsławice,hsalliergb@nymag.com,Poland
589,Montgomery,Lammert,1999-08-17,Huaibei,mlammertgc@va.gov,China
590,Eleonora,Davidowich,1903-10-06,Itagibá,edavidowichgd@bigcartel.com,Brazil
591,Giana,Kobu,1963-02-19,Gaowu,gkobuge@virginia.edu,China
592,Cletus,Duce,1963-08-14,Prudentópolis,cducegf@china.com.cn,Brazil
593,Melody,Bickerdyke,1960-08-29,Sagang,mbickerdykegg@google.cn,Philippines
594,Gretna,Hedlestone,1978-04-03,Samaipata,ghedlestonegh@freewebs.com,Bolivia
595,Tam,Salvatore,2010-10-24,Pofadder,tsalvatoregi@twitpic.com,South Africa
596,Kelsey,Szymanek,1936-02-28,Ymittos,kszymanekgj@ask.com,Greece
597,Ralina,Brisley,1974-07-26,Miribel,rbrisleygk@cdc.gov,France
598,Bruno,Ruane,1922-04-16,Mariel,bruanegl@fastcompany.com,Cuba
599,Darius,Glyde,1949-02-24,Muroran,dglydegm@youtube.com,Japan
600,Humbert,Brailsford,1984-07-06,Krasiczyn,hbrailsfordgn@ebay.co.uk,Poland
601,Nadya,Wisson,1954-02-17,Jianshan,nwissongo@comcast.net,China
602,Theodor,Inold,1971-11-30,20 de Noviembre,tinoldgp@reference.com,Mexico
603,Rudolfo,Copas,1967-12-28,Bherāmāra,rcopasgq@springer.com,Bangladesh
604,Jordanna,Pessold,1958-04-08,Tubod,jpessoldgr@t-online.de,Philippines
605,Isa,Ciccarello,1965-03-22,Begowāla,iciccarellogs@elpais.com,Pakistan
606,Dael,Beaves,1910-02-12,Djibouti,dbeavesgt@archive.org,Djibouti
607,Lynnelle,Collens,1933-12-06,Tibakisa,lcollensgu@smh.com.au,Indonesia
608,Regan,Girt,1984-04-04,Dumalneg,rgirtgv@umich.edu,Philippines
609,Faulkner,Dowtry,2008-06-23,San Casimiro,fdowtrygw@blogs.com,Venezuela
610,Corby,Detoc,1972-10-14,Morcellemont Saint André,cdetocgx@theatlantic.com,Mauritius
611,Rheta,Damiata,1906-08-22,Konstantynów Łódzki,rdamiatagy@house.gov,Poland
612,Silvano,Christauffour,1939-09-25,Zhouzhuang,schristauffourgz@4shared.com,China
613,Johnath,Seivertsen,2018-08-16,Perené,jseivertsenh0@springer.com,Peru
614,Ambrosi,Van Eeden,1926-04-08,Pavshino,avaneedenh1@rediff.com,Russia
615,Eartha,McGebenay,1947-05-26,Checun,emcgebenayh2@fotki.com,China
616,Hartley,Ickovici,1920-02-27,Fengren,hickovicih3@foxnews.com,China
617,Dunc,Beaton,1937-06-26,Roubaix,dbeatonh4@nps.gov,France
618,Herman,Worms,1939-03-10,Shijiang,hwormsh5@about.me,China
619,Monah,Priestland,2002-02-14,Xingfu,mpriestlandh6@surveymonkey.com,China
620,Marlow,Sadat,1975-10-05,Hanzhong,msadath7@accuweather.com,China
621,Bryanty,Foxten,1942-05-29,Callanca,bfoxtenh8@harvard.edu,Peru
622,Giulia,Crossby,1970-10-13,Manchester,gcrossbyh9@abc.net.au,United Kingdom
623,Barrett,Balfour,1947-01-24,Mérignac,bbalfourha@va.gov,France
624,Freddy,Godley,1990-09-02,Bolobo,fgodleyhb@state.gov,Democratic Republic of the Congo
625,Jorrie,Brandreth,2016-06-27,Amieiro,jbrandrethhc@nbcnews.com,Portugal
626,Glyn,Freyne,2004-04-05,Novomoskovsk,gfreynehd@google.it,Russia
627,Justino,Klos,1906-05-15,Silute,jkloshe@deviantart.com,Lithuania
628,Fallon,Bowerbank,1967-11-04,Starokorsunskaya,fbowerbankhf@opera.com,Russia
629,Bronnie,Aloigi,2024-11-01,Berestechko,baloigihg@hao123.com,Ukraine
630,Karie,Cains,1949-06-24,Soledar,kcainshh@hhs.gov,Ukraine
631,Maison,Roughey,2013-01-25,Junshan,mrougheyhi@toplist.cz,China
632,Roobbie,Coatsworth,1936-05-02,Sanli,rcoatsworthhj@webmd.com,China
633,Ada,Arstall,1937-04-15,Dubrava,aarstallhk@yellowbook.com,Croatia
634,Frasquito,Malzard,1964-09-07,Amiens,fmalzardhl@free.fr,France
635,Augustina,Martignoni,1911-11-12,Nagpandayan,amartignonihm@weather.com,Philippines
636,Kate,Schermick,1963-07-02,Shuiquan,kschermickhn@sciencedaily.com,China
637,Daron,Santry,2013-10-19,Sabnie,dsantryho@discuz.net,Poland
638,Chaddie,Soda,1930-03-19,Luzhang,csodahp@alibaba.com,China
639,Sasha,O'Halleghane,2016-01-24,Cisantri,sohalleghanehq@amazon.co.jp,Indonesia
640,Rochette,Stallen,2008-11-29,Ballyjamesduff,rstallenhr@opera.com,Ireland
641,Thibaud,De Nisco,1904-12-05,Jianghu,tdeniscohs@hatena.ne.jp,China
642,Kerr,Wythill,1976-11-18,Orito,kwythillht@time.com,Colombia
643,Margalit,Novotna,1975-06-30,Kannus,mnovotnahu@symantec.com,Finland
644,Averyl,Casier,1906-10-09,Tagasilay,acasierhv@godaddy.com,Philippines
645,Kinny,Gorini,1906-09-03,Glad,kgorinihw@1und1.de,Philippines
646,Tori,Flintoft,1950-02-19,Orange Walk,tflintofthx@php.net,Belize
647,Clo,Khalid,1908-09-30,Warren,ckhalidhy@walmart.com,United States
648,Dukey,Balaizot,1984-06-09,Amqui,dbalaizothz@ebay.com,Canada
649,Clyve,Pakeman,1930-11-25,Orahovica Donja,cpakemani0@mit.edu,Bosnia and Herzegovina
650,Sherwin,Filisov,1989-04-28,Melbourne,sfilisovi1@shop-pro.jp,United States
651,Riley,Sinyard,2004-08-09,Tijão,rsinyardi2@shareasale.com,Portugal
652,Milzie,Cubley,1917-03-02,Geshan,mcubleyi3@dyndns.org,China
653,Denny,Emsley,1980-06-08,Las Mercedes,demsleyi4@mtv.com,Venezuela
654,Benedick,Slaughter,1945-10-01,Zangbawa,bslaughteri5@opensource.org,China
655,Kaile,Stonuary,1918-04-16,Ankazobe,kstonuaryi6@devhub.com,Madagascar
656,Thoma,Winship,1943-08-15,Longshi,twinshipi7@timesonline.co.uk,China
657,Lusa,Sulland,1906-03-28,Kovrov,lsullandi8@msu.edu,Russia
658,Joel,Minchinton,1946-04-28,Angkup,jminchintoni9@privacy.gov.au,Indonesia
659,Enrichetta,Nisby,1985-01-24,Imaichi,enisbyia@pagesperso-orange.fr,Japan
660,Moselle,Eggar,1990-08-13,Shiling,meggarib@typepad.com,China
661,Otes,Prosch,1938-04-09,Jieheshi,oproschic@ucsd.edu,China
662,Ekaterina,McCoveney,1907-09-02,Sourotí,emccoveneyid@imageshack.us,Greece
663,Dreddy,McCathy,1919-03-19,Shaowu,dmccathyie@epa.gov,China
664,Lorena,Evelyn,1989-02-05,Zheyuan,levelynif@usgs.gov,China
665,Alain,Poppleton,1969-10-10,Huabeitun,apoppletonig@pagesperso-orange.fr,China
666,Brady,Walklate,1966-10-01,Lendangara Satu,bwalklateih@squidoo.com,Indonesia
667,Magda,Dorken,2018-02-18,Dabu,mdorkenii@surveymonkey.com,China
668,Addison,Shawley,2021-10-21,Ukmerge,ashawleyij@stanford.edu,Lithuania
669,Allie,Varne,1911-09-14,Hanzhong,avarneik@ucsd.edu,China
670,Clarey,Tallowin,1996-08-18,Hongyanxi,ctallowinil@nytimes.com,China
671,Millie,Brayn,1993-02-16,Damietta,mbraynim@mail.ru,Egypt
672,Brennen,Christall,2009-05-11,Delok,bchristallin@so-net.ne.jp,Indonesia
673,Rennie,Giacobazzi,1996-10-19,Touama,rgiacobazziio@ezinearticles.com,Morocco
674,Gipsy,Reddan,1922-11-11,Xinhe,greddanip@bluehost.com,China
675,Ingeberg,Kinavan,2001-11-11,Leonárisso,ikinavaniq@prweb.com,Cyprus
676,Keenan,Jarmain,1908-07-04,Pedaringan,kjarmainir@last.fm,Indonesia
677,Halsy,Krzyzowski,1965-04-05,Taoyuan,hkrzyzowskiis@oakley.com,China
678,Tiebout,Hunnisett,2023-04-24,Jangkungkusumo,thunnisettit@addtoany.com,Indonesia
679,Tiffie,Claire,1909-03-17,Prómachoi,tclaireiu@skype.com,Greece
680,Anna-diana,Hansemann,1908-02-10,Remscheid,ahansemanniv@twitter.com,Germany
681,Natale,Bennen,2021-07-25,Hagondange,nbenneniw@hhs.gov,France
682,Pavia,Girodon,1990-07-14,Doña Remedios Trinidad,pgirodonix@list-manage.com,Philippines
683,Ruperta,Frederick,2014-12-11,Porosozero,rfrederickiy@com.com,Russia
684,Abie,Pisco,1909-04-09,Huxingshan,apiscoiz@psu.edu,China
685,Waverly,Hazeltine,2003-01-03,Santa Marta de Penaguião,whazeltinej0@hexun.com,Portugal
686,Geoffry,Coale,1953-01-25,Všenory,gcoalej1@irs.gov,Czech Republic
687,Corly,Lensch,1994-09-15,Aisai,clenschj2@taobao.com,Japan
688,Faulkner,Arboine,1993-05-25,Xinshiba,farboinej3@hubpages.com,China
689,Diane-marie,Starsmore,2012-04-04,Pingwang,dstarsmorej4@ezinearticles.com,China
690,Ethyl,Fitch,1946-08-11,Ternopil’,efitchj5@youtu.be,Ukraine
691,Dannye,Crosham,1992-08-08,Öjebyn,dcroshamj6@nbcnews.com,Sweden
692,Sybila,Lomaz,2025-05-25,Heihe,slomazj7@whitehouse.gov,China
693,Hester,Bonallack,2013-06-05,Girey,hbonallackj8@1und1.de,Russia
694,Zachery,Riddick,1993-02-17,Strömsund,zriddickj9@g.co,Sweden
695,Camel,Whelband,1963-06-13,Huanghuai,cwhelbandja@nytimes.com,China
696,Laurianne,Gebuhr,2014-09-13,Kotakaya Dua,lgebuhrjb@zimbio.com,Indonesia
697,Raynor,Alten,1957-05-16,Guaporé,raltenjc@google.com.au,Brazil
698,Sheba,Repp,1945-08-09,Boroko,sreppjd@jalbum.net,Indonesia
699,Anatol,Ruddiman,1986-11-10,Pomiechówek,aruddimanje@networkadvertising.org,Poland
700,Levey,Goodhay,1991-01-03,Banyumas,lgoodhayjf@php.net,Indonesia
701,Rawley,Farguhar,2024-08-02,Khāndbāri,rfarguharjg@discovery.com,Nepal
702,Cristal,Althrop,1961-07-02,Muan,calthropjh@weather.com,South Korea
703,Morry,Corkill,1996-01-14,Qohord-e Bālā,mcorkillji@php.net,Iran
704,Lucienne,Rubert,2010-08-27,Dallas,lrubertjj@gmpg.org,United States
705,Donnajean,Jewster,1912-03-03,Qingfenglin,djewsterjk@arstechnica.com,China
706,Arabelle,Pagett,1904-09-13,Buga,apagettjl@princeton.edu,Philippines
707,Hilde,Downes,1982-03-31,Stari Bohorodchany,hdownesjm@si.edu,Ukraine
708,Ignacio,Epp,1920-02-23,Gävle,ieppjn@mtv.com,Sweden
709,Adham,Sharrocks,1922-03-28,Ostrówek,asharrocksjo@rakuten.co.jp,Poland
710,Aubine,Wince,1937-01-31,Formiga,awincejp@ask.com,Brazil
711,Devlin,Plumer,2008-11-09,Aylmer,dplumerjq@msn.com,Canada
712,Orin,Snarie,1941-10-05,Pacaraos,osnariejr@ning.com,Peru
713,Elfie,Hebbron,2007-05-01,Bojonegoro,ehebbronjs@prlog.org,Indonesia
714,Opalina,Kopman,1972-06-20,Otavi,okopmanjt@bluehost.com,Namibia
715,Myrtia,Geary,1970-02-22,Borino,mgearyju@bbb.org,Bulgaria
716,Kelsey,Megany,2001-09-19,Xuri,kmeganyjv@jimdo.com,China
717,Nikkie,Dunckley,1900-06-24,Liutangting,ndunckleyjw@alibaba.com,China
718,Raphaela,McGourty,1947-02-12,Puerto Quijarro,rmcgourtyjx@google.pl,Bolivia
719,Dixie,Stork,2008-11-20,Ramiriquí,dstorkjy@woothemes.com,Colombia
720,Emmerich,Bairstow,2016-08-13,Baharly,ebairstowjz@51.la,Turkmenistan
721,Coral,Workman,2013-10-04,Yangiobod,cworkmank0@technorati.com,Uzbekistan
722,Keary,Winterbottom,2006-05-08,Caen,kwinterbottomk1@ocn.ne.jp,France
723,Addia,Dyer,1988-05-11,Bulasa,adyerk2@networksolutions.com,Philippines
724,Dody,Rizzolo,1919-11-09,La Dorada,drizzolok3@dedecms.com,Colombia
725,Olvan,Strangward,2010-09-25,Jiangxi,ostrangwardk4@unicef.org,China
726,Jodie,McFall,1969-05-24,Ljungskile,jmcfallk5@nifty.com,Sweden
727,Caryn,Rayworth,1939-02-20,Qianxu Zhen,crayworthk6@comsenz.com,China
728,Humphrey,McDuffy,1970-02-10,Przyborów,hmcduffyk7@eepurl.com,Poland
729,Georgeanna,Iacofo,1901-04-17,Saint-Nazaire,giacofok8@sfgate.com,France
730,Ave,Boshere,2011-02-27,Jõhvi,abosherek9@redcross.org,Estonia
731,Aliza,Lambrook,1945-04-24,Sacramento,alambrookka@house.gov,United States
732,Basilius,Jameson,1986-03-05,Hongshanyao,bjamesonkb@arstechnica.com,China
733,Barnaby,Kreutzer,2024-05-17,Lazaro Cardenas,bkreutzerkc@nytimes.com,Mexico
734,Humbert,Martinovsky,1949-03-12,Sirinhaém,hmartinovskykd@census.gov,Brazil
735,Giraldo,McKibbin,1959-06-19,Karkkila,gmckibbinke@uiuc.edu,Finland
736,Roobbie,Cathenod,1933-04-02,Xian’an,rcathenodkf@umich.edu,China
737,Candy,Senecaux,1951-09-20,Rtyně v Podkrkonoší,csenecauxkg@hibu.com,Czech Republic
738,Prescott,Stockall,2007-02-15,Sidorejo,pstockallkh@privacy.gov.au,Indonesia
739,Gregg,Basso,1916-03-26,Hanlin,gbassoki@npr.org,China
740,Rutherford,Deeble,1910-10-24,Abadou,rdeeblekj@free.fr,Morocco
741,Job,Lys,1990-09-17,Khalkhāl,jlyskk@europa.eu,Iran
742,Dannie,Twaite,1973-02-24,Mudon,dtwaitekl@nytimes.com,Myanmar
743,Cally,Mattioli,1923-03-19,Los Pinos,cmattiolikm@geocities.jp,Mexico
744,Vite,Keitley,1957-09-23,Soba,vkeitleykn@thetimes.co.uk,Nigeria
745,Marion,Tuminini,1942-09-18,Shanghang,mtumininiko@biglobe.ne.jp,China
746,Abby,Yarwood,1922-01-24,Monastyrshchina,ayarwoodkp@facebook.com,Russia
747,Levey,Asken,2006-08-14,Hecun,laskenkq@huffingtonpost.com,China
748,Correy,Justis,2022-10-25,Chimtāl,cjustiskr@dot.gov,Afghanistan
749,Suzann,Drust,1902-06-07,Alpedrinha,sdrustks@cisco.com,Portugal
750,Sharai,Shorto,1905-01-08,Finzes,sshortokt@nasa.gov,Portugal
751,Minni,Lafford,1960-11-14,Hortolândia,mlaffordku@xrea.com,Brazil
752,Hesther,Gregoriou,2006-05-24,Long Beach,hgregorioukv@mozilla.org,United States
753,Harrison,Thebeaud,2013-10-21,Bergen,hthebeaudkw@odnoklassniki.ru,Norway
754,Gonzales,Voisey,1941-11-21,Suohe,gvoiseykx@bluehost.com,China
755,Hadley,Bendelow,1983-12-24,Ćuprija,hbendelowky@slideshare.net,Serbia
756,Drusie,Hamilton,1927-01-13,Helsingborg,dhamiltonkz@slideshare.net,Sweden
757,Olly,Vynehall,1938-04-19,Tiebukenwusan,ovynehalll0@go.com,China
758,Louella,Wilsone,1957-08-21,Dollard-Des Ormeaux,lwilsonel1@ca.gov,Canada
759,Agnesse,Witherby,1935-08-03,Islamey,awitherbyl2@drupal.org,Russia
760,Trixie,O'Corr,1921-10-12,San Miguel,tocorrl3@behance.net,Mexico
761,Winnie,Keywood,1923-07-04,Chinú,wkeywoodl4@buzzfeed.com,Colombia
762,Clayborn,Edmonds,1936-02-04,Huangtukuang,cedmondsl5@usda.gov,China
763,Guinevere,Livermore,1947-10-23,Capitão Poço,glivermorel6@bigcartel.com,Brazil
764,Hughie,Leyborne,1958-11-05,Kebloran,hleybornel7@reddit.com,Indonesia
765,Sax,Diment,1901-12-04,Huazangsi,sdimentl8@quantcast.com,China
766,Korie,Keates,1903-05-28,Zhangduangu,kkeatesl9@wordpress.com,China
767,Kenn,Meachem,1937-01-09,Piskavica,kmeachemla@google.nl,Bosnia and Herzegovina
768,Lonnie,Oddy,1927-08-01,Yangshufang,loddylb@purevolume.com,China
769,Ramsay,Searsby,1991-02-02,Novozybkov,rsearsbylc@sun.com,Russia
770,Galen,Chomley,1936-06-01,Piduhe,gchomleyld@smh.com.au,China
771,Justine,Quaif,1947-05-20,Arrabal,jquaifle@archive.org,Portugal
772,Bessie,Shirtcliffe,1948-03-05,Bayt ‘Anān,bshirtcliffelf@dagondesign.com,Palestinian Territory
773,Elysee,Paoletti,1974-06-07,Orvault,epaolettilg@w3.org,France
774,Hatti,Collinette,2024-10-02,Macapo,hcollinettelh@wunderground.com,Venezuela
775,Ophelie,Pengelley,1961-09-28,Palamadu,opengelleyli@mit.edu,Indonesia
776,Winthrop,Vina,1957-01-30,Adani,wvinalj@eventbrite.com,Nigeria
777,Danica,Schole,2024-01-29,Huangli,dscholelk@prnewswire.com,China
778,George,Shakesby,2013-06-02,Lyon,gshakesbyll@wsj.com,France
779,Baryram,Amiss,1910-11-05,Tierra y Libertad,bamisslm@reddit.com,Mexico
780,Johnette,McPhail,1936-11-08,Ko Samui,jmcphailln@unc.edu,Thailand
781,Dominga,Spoure,1904-08-22,Shangma,dspourelo@pbs.org,China
782,Edmund,Ebben,1935-11-13,Pasirreungit,eebbenlp@jugem.jp,Indonesia
783,Emilio,Boggis,1961-01-20,Geumpang,eboggislq@g.co,Indonesia
784,Micheil,Brasted,2006-05-09,Datong,mbrastedlr@dailymotion.com,China
785,Hobie,Rodder,1907-02-21,Gramaços,hrodderls@ebay.co.uk,Portugal
786,Maris,Savin,1952-02-25,Rungis,msavinlt@pinterest.com,France
787,Adolph,Anker,1905-05-14,Dubki,aankerlu@ifeng.com,Russia
788,Arvin,Veracruysse,2023-09-21,Águas Vermelhas,averacruysselv@live.com,Brazil
789,Leonerd,Pilley,1929-07-24,Prienai,lpilleylw@ucoz.ru,Lithuania
790,Katharine,Beuscher,1954-06-02,Yanas,kbeuscherlx@earthlink.net,Peru
791,Terrill,Pendreigh,1916-04-05,Valenciennes,tpendreighly@github.io,France
792,Clara,Dofty,1944-01-28,Heyan,cdoftylz@xrea.com,China
793,Norbert,Mingasson,1969-08-11,Salaš Crnobarski,nmingassonm0@reference.com,Serbia
794,Merle,Nuton,1956-09-25,Pesagen,mnutonm1@imdb.com,Indonesia
795,Killian,Winfrey,1972-07-27,Banjar Tiga,kwinfreym2@cafepress.com,Indonesia
796,Calv,Lott,1948-03-18,Vischongo,clottm3@shinystat.com,Peru
797,Manfred,Dickerson,1995-07-22,Tiandeng,mdickersonm4@parallels.com,China
798,Leontine,Patterson,1931-09-08,Gitega,lpattersonm5@sciencedirect.com,Burundi
799,Levon,Livard,2004-11-09,Wangdun,llivardm6@naver.com,China
800,Steward,Beevors,1904-05-29,Kalaxilike,sbeevorsm7@craigslist.org,China
801,Tildi,Scotti,1920-05-18,Qingfeng,tscottim8@t-online.de,China
802,Templeton,Bartelot,2018-05-03,Marne-la-Vallée,tbartelotm9@nih.gov,France
803,Richard,Nielson,1962-09-21,Mityana,rnielsonma@ftc.gov,Uganda
804,Nataline,Bacup,1911-03-26,Ruše,nbacupmb@vkontakte.ru,Slovenia
805,Sandro,Bourley,2010-04-29,Nalsian Norte,sbourleymc@qq.com,Philippines
806,Rand,McIlmorie,1958-04-04,Fuchang,rmcilmoriemd@prnewswire.com,China
807,Fidole,Gianilli,1947-04-12,Jobabo,fgianillime@arstechnica.com,Cuba
808,Cad,Stych,1943-02-02,Wuma,cstychmf@un.org,China
809,Winne,Fitchett,1994-04-21,Khursā,wfitchettmg@netvibes.com,Palestinian Territory
810,Chicky,Decort,1937-09-19,Všetaty,cdecortmh@cloudflare.com,Czech Republic
811,Harwell,Dongles,1994-10-06,Tatou,hdonglesmi@sun.com,China
812,Rosalinde,Bruford,1986-09-30,Greensboro,rbrufordmj@wordpress.org,United States
813,Bamby,Bafford,1923-12-16,Maigo,bbaffordmk@sphinn.com,Philippines
814,Nanette,Trobe,1991-11-15,Hongsi,ntrobeml@deliciousdays.com,China
815,Drusie,Lamming,1959-12-22,Niitsu-honchō,dlammingmm@networksolutions.com,Japan
816,Dev,Candie,2001-09-15,Panineungan,dcandiemn@blogger.com,Indonesia
817,Cordelie,Heers,2001-05-30,Nakhodka,cheersmo@topsy.com,Russia
818,Obadias,Clinch,2004-02-06,Illela,oclinchmp@google.com,Nigeria
819,Winonah,Rivitt,1956-06-16,Phoenix,wrivittmq@rediff.com,United States
820,Laural,MacFaell,1939-09-28,San Antonio,lmacfaellmr@pen.io,Philippines
821,Brock,Nowick,1977-12-17,Guandukou,bnowickms@opensource.org,China
822,Sigfrid,Raistrick,1930-12-08,Xihu,sraistrickmt@twitter.com,China
823,Krissy,Greenhough,1934-09-20,Shumyachi,kgreenhoughmu@adobe.com,Russia
824,Milt,De Gregorio,1998-04-01,Đồng Mỏ,mdegregoriomv@bandcamp.com,Vietnam
825,Annamarie,Gascoigne,2008-05-27,Aydūn,agascoignemw@zimbio.com,Jordan
826,Tomasine,Spaice,1951-12-20,Caiyuan,tspaicemx@amazon.co.jp,China
827,Chloette,Tillard,2020-08-31,Las Lomas,ctillardmy@icio.us,Panama
828,Cary,Basden,1911-04-27,Setúbal,cbasdenmz@jiathis.com,Portugal
829,Horacio,Palphramand,1931-06-18,Sydney,hpalphramandn0@blogtalkradio.com,Australia
830,Ike,Tompkiss,1927-07-14,Henggang,itompkissn1@tuttocitta.it,China
831,Lissi,Forth,1979-05-05,Sémé,lforthn2@homestead.com,Senegal
832,Noellyn,Behnecken,1952-12-25,Mashan,nbehneckenn3@vimeo.com,China
833,Aylmar,Pendre,1962-06-05,Xinyang,apendren4@123-reg.co.uk,China
834,Codie,Melato,1982-01-22,Tupaciguara,cmelaton5@1und1.de,Brazil
835,Galina,Dienes,1941-05-02,Madura,gdienesn6@smh.com.au,Indonesia
836,Marleen,Winton,1927-01-01,Si That,mwintonn7@harvard.edu,Thailand
837,Sarita,Faber,1986-11-25,Otwock,sfabern8@furl.net,Poland
838,Channa,Deam,2007-01-25,Uryupinsk,cdeamn9@mail.ru,Russia
839,Eb,Clemo,1917-08-02,Sarāvān,eclemona@princeton.edu,Iran
840,Demeter,Augustine,1940-09-18,Sonta,daugustinenb@google.fr,Serbia
841,Marwin,Fashion,1968-12-23,Jintian,mfashionnc@youtu.be,China
842,Durward,Schruyers,1989-02-07,Zhouzhuang,dschruyersnd@example.com,China
843,Jojo,Oppery,1962-05-02,Boca de Parita,jopperyne@naver.com,Panama
844,Maurie,Espinosa,1990-03-05,Chantilly,mespinosanf@xinhuanet.com,France
845,Althea,Windless,1921-08-27,Lodja,awindlessng@webeden.co.uk,Democratic Republic of the Congo
846,Raina,Merrgen,1982-02-21,Kadugede,rmerrgennh@huffingtonpost.com,Indonesia
847,Onofredo,Robecon,1954-04-27,Arrifes,orobeconni@tiny.cc,Portugal
848,Ermentrude,McWhan,1967-04-04,Bayt ‘Anān,emcwhannj@liveinternet.ru,Palestinian Territory
849,Michel,Seleway,2014-03-25,Horní Počaply,mselewaynk@flickr.com,Czech Republic
850,Kara,Coutthart,1910-10-01,Mojorejo,kcoutthartnl@dedecms.com,Indonesia
851,Geraldine,Dami,1906-08-01,Philadelphia,gdaminm@google.com,United States
852,Hinda,Livoir,1970-10-14,Jönköping,hlivoirnn@china.com.cn,Sweden
853,Dacy,Roggers,1973-07-12,Kalmar,droggersno@weather.com,Sweden
854,Daryle,Janaszkiewicz,1923-07-20,Banepa,djanaszkiewicznp@prlog.org,Nepal
855,Yanaton,Lampitt,1947-11-16,Hénin-Beaumont,ylampittnq@gmpg.org,France
856,Kara,Artist,1936-01-22,San Cristóbal Cucho,kartistnr@quantcast.com,Guatemala
857,Marget,Magson,2020-09-27,Seattle,mmagsonns@mlb.com,United States
858,Brandyn,Casbourne,1931-06-21,Nasielsk,bcasbournent@usgs.gov,Poland
859,Gavin,Gowland,1973-03-07,Heba,ggowlandnu@delicious.com,China
860,Marya,Twiggins,1987-01-09,San Jerónimo,mtwigginsnv@alibaba.com,Guatemala
861,Cora,Casley,1950-01-06,Sassandra,ccasleynw@angelfire.com,Ivory Coast
862,Karin,Dimitru,1991-01-07,Las Vegas,kdimitrunx@sphinn.com,United States
863,Fenelia,Treffry,1975-01-15,Gorzyce,ftreffryny@google.es,Poland
864,Lissie,Larrie,2007-07-10,Huaizhong,llarrienz@weibo.com,China
865,Erika,Cominotti,1985-04-18,Otan Aiyegbaju,ecominottio0@sina.com.cn,Nigeria
866,Franky,Marcu,1915-04-07,Nový Malín,fmarcuo1@latimes.com,Czech Republic
867,Verney,Banes,1945-11-27,Mülheim an der Ruhr,vbaneso2@stanford.edu,Germany
868,Emiline,Bartholomaus,1922-01-24,Ban Bang Kadi Pathum Thani,ebartholomauso3@posterous.com,Thailand
869,Waly,Fetherstan,1922-10-15,Jajarkrajan,wfetherstano4@ucoz.ru,Indonesia
870,Abbie,Castangia,1996-01-26,Baruunturuun,acastangiao5@vistaprint.com,Mongolia
871,Arne,Klemke,1975-03-11,San Quintin,aklemkeo6@prlog.org,Philippines
872,Carlina,Haskur,2015-06-28,Dallas,chaskuro7@princeton.edu,United States
873,Gratia,Potteril,1948-04-08,Châteauroux,gpotterilo8@china.com.cn,France
874,Wittie,Spick,1959-05-28,Nanggela,wspicko9@hibu.com,Indonesia
875,Wallis,McCahill,1990-02-09,Soutelo,wmccahilloa@i2i.jp,Portugal
876,Raddie,Degli Abbati,2009-10-26,Maicao,rdegliabbatiob@hubpages.com,Colombia
877,Melesa,Delap,1993-01-30,Jiangshi,mdelapoc@toplist.cz,China
878,Ralf,Fallawe,1999-11-10,Dongjin,rfallaweod@tinypic.com,China
879,Cherice,Grestie,1931-05-24,Rūjayb,cgrestieoe@parallels.com,Palestinian Territory
880,Roldan,Gilluley,1908-06-27,Pedrogão,rgilluleyof@flickr.com,Portugal
881,Nataniel,Letty,1900-03-26,Lagdo,nlettyog@amazonaws.com,Cameroon
882,Leonelle,Sawday,2002-09-05,Kampinos,lsawdayoh@clickbank.net,Poland
883,Elijah,Corrin,1937-12-03,Rio,ecorrinoi@alexa.com,Portugal
884,Della,Jentges,1970-04-20,Sirindhorn,djentgesoj@tinypic.com,Thailand
885,Charil,Gowlett,1942-09-26,Huiyi,cgowlettok@pcworld.com,China
886,Javier,Yirrell,2016-12-29,Tijão,jyirrellol@microsoft.com,Portugal
887,Cacilia,Elsmere,1952-08-19,Pamplona/Iruña,celsmereom@china.com.cn,Spain
888,Reagen,Fennessy,1983-08-11,Biryulëvo Zapadnoye,rfennessyon@skype.com,Russia
889,Hillyer,Brill,1973-11-29,Maglaj,hbrilloo@who.int,Bosnia and Herzegovina
890,Carry,Largan,1906-09-02,Vénissieux,clarganop@linkedin.com,France
891,Onfre,Paramore,1958-06-05,Michałów-Reginów,oparamoreoq@un.org,Poland
892,Emlynn,Nore,1990-07-10,Phichit,enoreor@forbes.com,Thailand
893,Danika,Fairbanks,1993-08-21,San Juan,dfairbanksos@networksolutions.com,Philippines
894,Egbert,Haddon,1928-07-08,Dobrzyca,ehaddonot@rambler.ru,Poland
895,Udall,Arnoll,1970-01-19,Sibiti,uarnollou@nationalgeographic.com,Republic of the Congo
896,Coleman,Treweek,1902-02-25,Chenqing,ctreweekov@google.pl,China
897,Becki,Jodlowski,1948-01-14,Las Vegas,bjodlowskiow@dedecms.com,United States
898,Nomi,Carvil,1986-09-23,Villa Paula de Sarmiento,ncarvilox@instagram.com,Argentina
899,Leodora,Wraith,2009-11-25,Tracal,lwraithoy@youtube.com,Indonesia
900,Layney,Tuttle,1983-11-30,Kodra,ltuttleoz@xing.com,Ukraine
901,Codi,Fevers,2013-09-15,Chambéry,cfeversp0@theglobeandmail.com,France
902,Brenden,Partleton,1914-05-25,Taihe,bpartletonp1@alexa.com,China
903,Aluin,Gobeaux,1906-02-28,Lame,agobeauxp2@psu.edu,Nigeria
904,Seamus,Scrauniage,1919-03-15,Morgados,sscrauniagep3@wired.com,Portugal
905,Geraldine,Tunder,1932-12-15,Seremban,gtunderp4@tinypic.com,Malaysia
906,Erasmus,Dinis,1988-07-08,Kebonkalapa,edinisp5@vk.com,Indonesia
907,Joya,Hawkswell,1902-08-19,Tuatuka,jhawkswellp6@github.io,Indonesia
908,Christin,Routhorn,1971-02-10,Seymchan,crouthornp7@bbb.org,Russia
909,Annamaria,Dalyiel,1955-02-08,Podhum,adalyielp8@themeforest.net,Croatia
910,Gwendolyn,Oakenfield,1989-03-29,Newcastle,goakenfieldp9@cmu.edu,Saint Kitts and Nevis
911,Malissa,Cawston,1995-01-31,Sainte-Anne-de-Bellevue,mcawstonpa@shinystat.com,Canada
912,Clarice,Witton,1904-05-21,Tangshan,cwittonpb@bbc.co.uk,China
913,Pancho,Shreeve,1950-03-17,Rungkam,pshreevepc@homestead.com,Indonesia
914,Jerrylee,Seaborn,1929-10-03,Santa Ana,jseabornpd@technorati.com,Argentina
915,Salmon,Geleman,1953-04-27,Lurut,sgelemanpe@github.com,Indonesia
916,Chip,Roache,1993-02-19,Fangshan,croachepf@facebook.com,China
917,Cordie,Phoenix,1963-07-01,Egindiköl,cphoenixpg@tripadvisor.com,Kazakhstan
918,Maren,Matijasevic,1969-03-08,Cibebek,mmatijasevicph@example.com,Indonesia
919,Nessi,Abelevitz,2025-09-28,Weixin,nabelevitzpi@so-net.ne.jp,China
920,Eleanor,Quesne,1933-03-27,Xianrendu,equesnepj@intel.com,China
921,Giovanni,Beetham,1953-04-17,Oslo,gbeethampk@blogtalkradio.com,Norway
922,Bondie,Pountney,1995-12-23,Vybor,bpountneypl@abc.net.au,Russia
923,Kacey,Andrzej,1920-08-23,Fengyang,kandrzejpm@newsvine.com,China
924,Ellery,Blainey,1949-06-18,Longlisuo,eblaineypn@rakuten.co.jp,China
925,Elfrieda,Colenutt,2008-06-01,Francos,ecolenuttpo@sina.com.cn,Portugal
926,Robena,Yewen,1985-01-25,Gaopeng,ryewenpp@php.net,China
927,Sholom,Ginglell,2007-12-06,Sanchahe,sginglellpq@netlog.com,China
928,Sayers,Babalola,1978-04-20,Catia La Mar,sbabalolapr@un.org,Venezuela
929,Chastity,Rimer,1959-05-07,Tongyang,crimerps@photobucket.com,China
930,Shirleen,Shearwood,1905-08-17,Mircze,sshearwoodpt@sciencedirect.com,Poland
931,Julia,Parmby,2014-11-12,Kamakura,jparmbypu@squidoo.com,Japan
932,Deedee,James,2008-07-25,Monsanto,djamespv@forbes.com,Portugal
933,Franky,Symons,1955-12-21,Köln,fsymonspw@t-online.de,Germany
934,Percy,Waterhowse,1920-07-26,Warburton,pwaterhowsepx@accuweather.com,Pakistan
935,Walsh,Bunch,2005-12-27,Yuncao,wbunchpy@icq.com,China
936,Lonny,Looker,1942-07-18,Pom Prap Sattru Phai,llookerpz@reddit.com,Thailand
937,Leslie,Wingfield,1988-08-13,Kaura Namoda,lwingfieldq0@artisteer.com,Nigeria
938,Delila,Ezele,1960-09-24,Touama,dezeleq1@issuu.com,Morocco
939,Fredelia,Burgess,2024-04-26,Autun,fburgessq2@ox.ac.uk,France
940,Kurtis,Shyre,1908-02-13,Zabaykal’sk,kshyreq3@fema.gov,Russia
941,Keelia,Tewelson,1942-02-15,Sarnaki,ktewelsonq4@omniture.com,Poland
942,Vally,Isgate,1931-07-22,Mariental,visgateq5@independent.co.uk,Namibia
943,Renard,Pollastrino,1932-01-21,Noisy-le-Grand,rpollastrinoq6@state.tx.us,France
944,Tate,Bessant,2023-04-06,Chengbei,tbessantq7@merriam-webster.com,China
945,Zea,Noods,1974-05-12,Tatabánya,znoodsq8@ifeng.com,Hungary
946,Olympie,Cejka,1900-12-03,Shanhou,ocejkaq9@squidoo.com,China
947,Weider,McLugish,1996-06-15,Hanfeng,wmclugishqa@dot.gov,China
948,Cassaundra,Nimmo,1974-01-11,Shashi,cnimmoqb@prweb.com,China
949,Magdalen,Vaughton,1984-09-05,Chocianów,mvaughtonqc@goodreads.com,Poland
950,Kinsley,Auger,1990-02-22,Caidian,kaugerqd@photobucket.com,China
951,Tallou,Kingsford,1996-03-03,Odienné,tkingsfordqe@redcross.org,Ivory Coast
952,Miguela,Paramor,1968-01-22,Matagbak,mparamorqf@baidu.com,Philippines
953,Franni,Cawdron,1947-08-14,Lebu,fcawdronqg@shinystat.com,Chile
954,Penn,Chattington,1945-01-27,Ngedhubasa,pchattingtonqh@t.co,Indonesia
955,Frederik,Clethro,1997-09-10,Březová nad Svitavou,fclethroqi@va.gov,Czech Republic
956,Michell,Vella,1908-02-28,Tiepu,mvellaqj@weibo.com,China
957,Dwayne,Samwell,1984-07-05,Saraburi,dsamwellqk@youtu.be,Thailand
958,Luke,Beddall,1958-01-26,Bhokadoke,lbeddallql@issuu.com,Indonesia
959,Kailey,Alenichicov,1956-09-14,Huancabamba,kalenichicovqm@free.fr,Peru
960,Martin,Vasentsov,1911-10-15,Huntington,mvasentsovqn@privacy.gov.au,United States
961,Lina,Haton,1916-12-14,Cafe,lhatonqo@bigcartel.com,Philippines
962,Thelma,Elles,1930-10-07,Quỳnh Côi,tellesqp@cbslocal.com,Vietnam
963,Daryn,Johnes,1915-04-13,Zhexiao,djohnesqq@howstuffworks.com,China
964,Kaela,Kinkaid,1930-10-07,Tiko,kkinkaidqr@reverbnation.com,Cameroon
965,Pier,Cadwaladr,1953-08-28,Ganyesa,pcadwaladrqs@latimes.com,South Africa
966,Othelia,Jeans,1960-01-15,Shangjing,ojeansqt@sakura.ne.jp,China
967,Shannon,Restall,1939-07-23,Dzyarzhynsk,srestallqu@netlog.com,Belarus
968,Bogey,Tedridge,1910-09-13,Sho’rchi,btedridgeqv@blogs.com,Uzbekistan
969,Maiga,Gilfoy,1935-12-04,Karbinci,mgilfoyqw@posterous.com,Macedonia
970,Griffith,Galiero,1999-05-22,Padangtiji,ggalieroqx@yahoo.com,Indonesia
971,Myrwyn,Kivits,1970-09-17,Nice,mkivitsqy@networksolutions.com,France
972,Nial,Sumpter,2002-05-07,Qiaoxia,nsumpterqz@apache.org,China
973,Cort,Richarson,1958-05-12,Bāniyās,cricharsonr0@merriam-webster.com,Syria
974,Hatti,Brendel,1963-03-18,Roi Et,hbrendelr1@free.fr,Thailand
975,Benni,Purvey,2015-05-18,Suidong,bpurveyr2@samsung.com,China
976,Rob,Gopsall,1970-07-25,Moss,rgopsallr3@cbc.ca,Norway
977,Edd,Quayle,1983-08-09,Tizgane,equayler4@tuttocitta.it,Morocco
978,Yoshiko,Tomsett,1921-03-17,Al Khafsah,ytomsettr5@ox.ac.uk,Syria
979,Adina,Halkyard,2024-01-10,Tower,ahalkyardr6@earthlink.net,Ireland
980,Viola,Corran,2013-06-24,Portobelo,vcorranr7@hc360.com,Panama
981,Jaynell,Winterbottom,1991-07-10,Midrand,jwinterbottomr8@istockphoto.com,South Africa
982,Allyson,Callery,2001-09-22,Kými,acalleryr9@mayoclinic.com,Greece
983,Calypso,Dulany,1993-09-09,Abadou,cdulanyra@mysql.com,Morocco
984,Genna,Furness,1971-03-09,Soufrière,gfurnessrb@miitbeian.gov.cn,Saint Lucia
985,Harmonie,Critchard,1904-12-27,Bongued,hcritchardrc@eepurl.com,Philippines
986,Laurie,Itscowics,2016-08-27,Lisia Góra,litscowicsrd@mlb.com,Poland
987,Nicolis,Vagg,1908-12-10,Sunnyvale,nvaggre@businessinsider.com,United States
988,Hartwell,Cheer,1956-12-09,Veiga,hcheerrf@marriott.com,Portugal
989,Alicea,Grier,1930-11-27,Dunmanway,agrierrg@elpais.com,Ireland
990,Maynord,Reolfo,1940-05-27,Dalianhe,mreolforh@is.gd,China
991,Elonore,Jiricka,2016-03-26,Rasony,ejirickari@geocities.com,Belarus
992,Eldredge,Bezant,1921-09-26,Amherst,ebezantrj@cloudflare.com,Canada
993,Byrom,Bard,1917-11-25,Ipil,bbardrk@webmd.com,Philippines
994,Isac,Crosscombe,1930-09-29,Kotabaru Hilir,icrosscomberl@harvard.edu,Indonesia
995,Ottilie,Winborn,1945-05-21,Solna,owinbornrm@dedecms.com,Sweden
996,Eba,Neissen,2021-10-21,Lisków,eneissenrn@oakley.com,Poland
997,Bambi,Gergher,1916-04-03,Cầu Gồ,bgergherro@youtu.be,Vietnam
998,Mohammed,Harrigan,1949-06-15,Lapa do Lobo,mharriganrp@gnu.org,Portugal
999,Dulcie,Gaukrodge,1906-06-22,Lapa,dgaukrodgerq@disqus.com,Brazil
1000,Guntar,McHaffy,2023-07-31,Düsseldorf,gmchaffyrr@arstechnica.com,Germany
